UF,UPA,V1028,V2007,V2009,VD4016
Tocantins,170000260,183.42047203,Mulher,53,1000
Tocantins,170000260,183.42047203,Homem,32,1000
Tocantins,170000260,183.42047203,Mulher,25,1032
Tocantins,170000260,194.7119181,Homem,52,1300
Tocantins,170000260,216.22738204,Mulher,21,1000
Tocantins,170000260,204.24302069,Homem,29,1300
Tocantins,170000260,200.22399865,Homem,46,1060
Tocantins,170000260,200.22399865,Mulher,49,998
Tocantins,170000260,246.72931714,Homem,27,998
Tocantins,170000260,200.4763159,Mulher,29,800
Tocantins,170000260,169.54725026,Mulher,61,1200
Tocantins,170000260,169.54725026,Homem,35,1010
Tocantins,170000260,261.2558029,Homem,27,1200
Tocantins,170000260,214.10290778,Homem,37,600
Tocantins,170000452,126.29687486,Mulher,46,5300
Tocantins,170000452,134.3184272,Mulher,27,1200
Tocantins,170000452,124.01214119,Mulher,43,10000
Tocantins,170000452,133.06119617,Mulher,36,700
Tocantins,170000452,102.79723514,Homem,58,3000
Tocantins,170000452,168.90635434,Homem,28,950
Tocantins,170000452,125.64905195,Homem,28,10000
Tocantins,170000452,165.25985811,Mulher,24,1100
Tocantins,170000452,123.03465778,Homem,52,5000
Tocantins,170000452,123.03465778,Mulher,38,1500
Tocantins,170001544,138.58748933,Homem,53,998
Tocantins,170001544,176.77661683,Homem,45,1600
Tocantins,170001544,236.26485955,Homem,28,1700
Tocantins,170001544,168.90895375,Homem,44,998
Tocantins,170001544,168.90895375,Mulher,39,1400
Tocantins,170001544,168.90895375,Mulher,20,1400
Tocantins,170001544,154.07640745,Homem,47,1600
Tocantins,170001544,154.07640745,Mulher,42,1500
Tocantins,170001544,161.3685968,Homem,41,1500
Tocantins,170001544,161.3685968,Mulher,39,1500
Tocantins,170001544,180.43940415,Homem,42,2000
Tocantins,170001544,130.44725239,Mulher,35,998
Tocantins,170001544,209.62531011,Homem,29,1200
Tocantins,170001544,209.62531011,Homem,36,998
Tocantins,170001544,185.98944728,Homem,35,4086
Tocantins,170001544,189.98487152,Homem,22,1800
Tocantins,170001544,189.98487152,Mulher,26,2000
Tocantins,170001544,189.98487152,Mulher,40,1800
Tocantins,170001544,189.98487152,Mulher,41,998
Tocantins,170001544,189.98487152,Homem,23,998
Tocantins,170003580,211.05812565,Homem,26,1000
Tocantins,170003580,211.05812565,Mulher,22,1000
Tocantins,170003580,181.44292451,Mulher,18,998
Tocantins,170003580,165.27542683,Homem,45,600
Tocantins,170003580,172.30276907,Homem,47,1600
Tocantins,170003580,172.30276907,Homem,20,998
Tocantins,170003580,215.94847562,Mulher,23,998
Tocantins,170003580,215.94847562,Homem,29,1000
Tocantins,170003580,157.45333774,Mulher,46,998
Tocantins,170003580,157.45333774,Homem,16,500
Tocantins,170003580,165.75418636,Mulher,40,800
Tocantins,170003580,141.83405049,Mulher,43,3500
Tocantins,170003580,181.83502251,Mulher,28,998
Tocantins,170003580,181.83502251,Homem,26,1300
Tocantins,170003580,128.67560368,Mulher,36,1600
Tocantins,170003580,166.19999534,Homem,45,998
Tocantins,170003580,166.19999534,Mulher,35,800
Tocantins,170003621,149.55471944,Mulher,21,850
Tocantins,170003621,149.55471944,Homem,51,4000
Tocantins,170003621,164.27427822,Homem,27,1500
Tocantins,170003621,164.27427822,Homem,20,1500
Tocantins,170003621,122.92702392,Homem,52,2000
Tocantins,170003621,138.01709381,Mulher,42,7000
Tocantins,170003621,138.01709381,Homem,47,1600
Tocantins,170003621,155.71911562,Mulher,40,2000
Tocantins,170003621,155.71911562,Homem,45,3000
Tocantins,170003621,155.71911562,Homem,23,1000
Tocantins,170003621,173.00876171,Homem,35,1700
Tocantins,170003621,146.33992267,Mulher,37,1400
Tocantins,170003621,186.88923883,Homem,20,700
Tocantins,170003621,158.30777928,Mulher,37,1400
Tocantins,170003621,158.30777928,Homem,41,2000
Tocantins,170003621,150.18918781,Homem,59,998
Tocantins,170003621,150.18918781,Mulher,54,4000
Tocantins,170003621,150.18918781,Homem,24,998
Tocantins,170003621,150.18918781,Homem,32,1000
Tocantins,170007052,195.83340022,Homem,50,10000
Tocantins,170007052,195.83340022,Mulher,46,5000
Tocantins,170007052,243.86755066,Homem,28,5000
Tocantins,170007052,243.86755066,Mulher,26,2000
Tocantins,170007052,262.3241057,Homem,25,1200
Tocantins,170007052,262.3241057,Mulher,20,1000
Tocantins,170007052,225.65678121,Homem,18,1600
Tocantins,170007052,157.45561777,Mulher,36,3000
Tocantins,170007052,191.76802345,Homem,54,3000
Tocantins,170007052,191.76802345,Mulher,39,3000
Tocantins,170007052,189.53232604,Mulher,56,1000
Tocantins,170007052,189.53232604,Homem,31,1300
Tocantins,170007052,166.89886433,Homem,64,15000
Tocantins,170007052,249.94594979,Homem,22,3000
Tocantins,170007052,249.94594979,Mulher,22,2000
Tocantins,170007052,177.69925378,Mulher,32,6643
Tocantins,170007052,243.86755066,Homem,27,5500
Tocantins,170007052,243.86755066,Mulher,26,3250
Tocantins,170007179,219.9979881,Mulher,37,1000
Tocantins,170007179,219.9979881,Mulher,18,400
Tocantins,170007179,198.29477128,Mulher,39,1000
Tocantins,170007179,198.29477128,Homem,53,1000
Tocantins,170007179,155.45966525,Homem,58,1500
Tocantins,170007179,179.09783532,Mulher,47,2000
Tocantins,170007179,212.57095097,Mulher,41,1800
Tocantins,170007179,212.57095097,Homem,25,1800
Tocantins,170007179,139.59419027,Mulher,52,1200
Tocantins,170007179,209.64151589,Homem,31,2500
Tocantins,170007179,209.64151589,Mulher,34,2500
Tocantins,170007179,207.13990218,Mulher,29,5000
Tocantins,170007179,207.13990218,Homem,29,3200
Tocantins,170007179,207.13990218,Homem,60,1400
Tocantins,170007179,207.13990218,Mulher,57,998
Tocantins,170007179,186.73616471,Mulher,33,1900
Tocantins,170007179,186.73616471,Homem,53,1200
Tocantins,170007651,132.37687623,Mulher,61,400
Tocantins,170007651,132.37687623,Mulher,19,400
Tocantins,170007651,112.56949309,Homem,48,2000
Tocantins,170007651,118.14187085,Homem,63,1000
Tocantins,170007651,118.14187085,Mulher,59,3500
Tocantins,170007651,118.14187085,Mulher,22,1000
Tocantins,170007651,161.13651068,Homem,24,998
Tocantins,170007651,155.58263714,Mulher,27,1339
Tocantins,170007651,155.58263714,Homem,32,17000
Tocantins,170007651,139.23286189,Mulher,22,2100
Tocantins,170007651,139.23286189,Mulher,46,12000
Tocantins,170007651,139.23286189,Homem,29,1196
Tocantins,170007651,139.23286189,Mulher,25,1120
Tocantins,170007651,139.92286282,Homem,23,1000
Tocantins,170007651,139.92286282,Mulher,50,3000
Tocantins,170007651,139.92286282,Mulher,28,1500
Tocantins,170007651,139.92286282,Homem,26,1020
Tocantins,170007651,144.73548434,Mulher,24,300
Tocantins,170007651,144.73548434,Homem,40,1000
Tocantins,170007651,155.46644045,Homem,20,1028
Tocantins,170007651,155.46644045,Homem,19,1028
Tocantins,170007651,183.85278287,Homem,25,1200
Tocantins,170007651,146.11838544,Mulher,22,200
Tocantins,170007651,146.11838544,Mulher,47,1500
Tocantins,170007651,146.11838544,Mulher,26,1800
Tocantins,170007651,146.11838544,Homem,25,1500
Tocantins,170008227,217.76053575,Mulher,19,300
Tocantins,170008227,217.76053575,Mulher,21,500
Tocantins,170008227,217.76053575,Mulher,40,3000
Tocantins,170008227,181.30962096,Homem,72,8000
Tocantins,170008227,181.30962096,Homem,38,2200
Tocantins,170008227,183.64728445,Homem,41,7000
Tocantins,170008227,183.64728445,Mulher,39,3000
Tocantins,170008227,221.71024898,Mulher,35,4500
Tocantins,170008227,221.71024898,Homem,34,2500
Tocantins,170008227,195.8511314,Mulher,38,2000
Tocantins,170008227,195.8511314,Mulher,18,1000
Tocantins,170008227,215.881998,Homem,27,998
Tocantins,170008227,215.881998,Mulher,35,998
Tocantins,170008227,156.97817222,Mulher,37,8000
Tocantins,170008227,221.54549118,Homem,42,3000
Tocantins,170008227,217.64478802,Mulher,19,300
Tocantins,170008227,217.64478802,Homem,40,1100
Tocantins,170008227,194.64601313,Homem,46,15000
Tocantins,170008227,194.64601313,Mulher,34,8000
Tocantins,170008227,186.03858542,Mulher,39,1100
Tocantins,170008227,186.03858542,Mulher,19,120
Tocantins,170008272,182.70193976,Mulher,44,4000
Tocantins,170008272,262.67873599,Homem,35,16000
Tocantins,170008272,262.67873599,Mulher,28,5000
Tocantins,170008272,223.55011307,Mulher,34,1800
Tocantins,170008272,262.76471864,Homem,39,27700
Tocantins,170008272,262.76471864,Mulher,29,4000
Tocantins,170008272,239.27163296,Homem,35,10000
Tocantins,170008272,219.10688263,Homem,70,3000
Tocantins,170008272,211.19680174,Mulher,36,4500
Tocantins,170008272,211.19680174,Mulher,21,800
Tocantins,170008272,224.20666056,Homem,20,998
Tocantins,170008272,270.18437164,Mulher,31,650
Tocantins,170008272,280.97421488,Homem,33,6000
Tocantins,170008792,262.98939828,Homem,41,1800
Tocantins,170008792,262.98939828,Mulher,44,1800
Tocantins,170008792,267.78605949,Homem,36,1500
Tocantins,170008792,251.40659208,Mulher,36,1000
Tocantins,170008792,251.40659208,Homem,35,1500
Tocantins,170008792,276.035015,Mulher,37,958
Tocantins,170008792,215.7155763,Homem,61,2500
Tocantins,170008792,215.7155763,Mulher,50,3200
Tocantins,170008792,282.23535602,Homem,45,15000
Tocantins,170008792,282.23535602,Mulher,38,3000
Tocantins,170008792,266.67962782,Homem,47,1800
Tocantins,170008792,266.67962782,Mulher,46,800
Tocantins,170008792,314.60336187,Mulher,28,250
Tocantins,170008792,314.60336187,Homem,32,1100
Tocantins,170009915,219.34338095,Homem,22,3000
Tocantins,170009915,219.34338095,Homem,24,6000
Tocantins,170009915,219.34338095,Homem,21,998
Tocantins,170009915,149.14010211,Homem,39,1000
Tocantins,170009915,130.92250715,Mulher,69,2500
Tocantins,170009915,167.49390646,Mulher,34,4000
Tocantins,170009915,167.49390646,Mulher,58,4000
Tocantins,170009915,167.49390646,Mulher,38,2000
Tocantins,170009915,165.61570827,Mulher,27,1300
Tocantins,170009915,165.61570827,Mulher,34,1400
Tocantins,170010918,162.69621207,Homem,47,5000
Tocantins,170010918,150.99955498,Mulher,51,3500
Tocantins,170010918,179.67687452,Mulher,25,1200
Tocantins,170010918,161.4569161,Mulher,28,2300
Tocantins,170010918,161.4569161,Mulher,52,7500
Tocantins,170010918,195.95312481,Mulher,24,638
Tocantins,170010918,152.0693672,Homem,65,2000
Tocantins,170010918,179.67687452,Mulher,26,1200
Tocantins,170010918,245.71341327,Homem,26,5000
Tocantins,170010918,179.67687452,Mulher,28,1700
Tocantins,170010918,160.94738092,Homem,66,2500
Tocantins,170010918,160.94738092,Mulher,51,3500
Tocantins,170010918,201.51723575,Mulher,22,1000
Tocantins,170011208,204.20324256,Mulher,54,1300
Tocantins,170011208,270.83863257,Mulher,24,998
Tocantins,170011208,270.83863257,Homem,26,1018
Tocantins,170011208,222.72373972,Mulher,76,200
Tocantins,170011208,222.72373972,Homem,23,600
Tocantins,170011208,264.77569685,Homem,28,1300
Tocantins,170011208,222.07242199,Homem,36,4000
Tocantins,170011208,175.89099735,Mulher,60,998
Tocantins,170011208,175.89099735,Homem,62,1300
Tocantins,170011208,175.89099735,Mulher,32,1500
Tocantins,170011208,212.82031355,Homem,54,1200
Tocantins,170011208,229.82345741,Homem,40,1100
Tocantins,170011208,229.82345741,Mulher,32,1100
Tocantins,170011208,236.55508626,Homem,37,2500
Tocantins,170012027,205.15659779,Homem,29,1700
Tocantins,170012027,205.15659779,Homem,21,998
Tocantins,170012027,217.44402342,Mulher,55,1000
Tocantins,170012027,167.67750554,Homem,57,800
Tocantins,170012027,200.18049004,Homem,34,2500
Tocantins,170012027,200.18049004,Mulher,32,5000
Tocantins,170012027,200.4750456,Homem,50,1600
Tocantins,170012027,200.4750456,Mulher,35,998
Tocantins,170012027,200.4750456,Mulher,20,1800
Tocantins,170012027,234.046954,Mulher,25,1500
Tocantins,170012027,234.046954,Homem,27,1500
Tocantins,170012027,212.9589475,Homem,35,1800
Tocantins,170012027,187.25446137,Mulher,40,998
Tocantins,170012027,191.69026756,Mulher,27,1100
Tocantins,170012027,191.69026756,Mulher,54,998
Tocantins,170012027,187.55961855,Homem,53,1600
Tocantins,170012027,187.55961855,Mulher,47,1200
Tocantins,170012027,187.55961855,Mulher,25,1200
Tocantins,170012027,187.55961855,Homem,21,1200
Tocantins,170013017,168.22614451,Mulher,28,2300
Tocantins,170013017,168.22614451,Homem,30,6000
Tocantins,170013017,168.22614451,Mulher,26,2100
Tocantins,170013017,138.12014835,Homem,25,7000
Tocantins,170013017,115.36180064,Mulher,59,2300
Tocantins,170013017,115.36180064,Homem,57,4000
Tocantins,170013017,114.92373343,Homem,54,7000
Tocantins,170013017,129.12528147,Mulher,31,1500
Tocantins,170013017,129.12528147,Mulher,32,2000
Tocantins,170013017,147.52271725,Homem,51,10000
Tocantins,170013017,147.52271725,Mulher,23,1700
Tocantins,170013017,113.05568012,Mulher,48,2000
Tocantins,170013017,154.8262495,Homem,55,3000
Tocantins,170013017,148.78837752,Homem,25,8000
Tocantins,170013017,148.78837752,Homem,52,10000
Tocantins,170013017,148.78837752,Mulher,40,10000
Tocantins,170013017,150.73572358,Mulher,25,1500
Tocantins,170013017,166.17359137,Homem,42,7000
Tocantins,170013017,166.17359137,Mulher,26,6500
Tocantins,170014681,201.60930252,Homem,37,5000
Tocantins,170014681,167.02439053,Homem,54,1500
Tocantins,170014681,189.24624862,Mulher,33,1200
Tocantins,170014681,184.07939486,Mulher,24,2000
Tocantins,170014681,216.83852557,Mulher,26,1000
Tocantins,170014681,177.9523488,Mulher,41,3000
Tocantins,170014681,177.9523488,Homem,43,2000
Tocantins,170014681,200.92382597,Homem,31,3000
Tocantins,170014681,200.92382597,Mulher,34,3000
Tocantins,170014681,222.68950196,Mulher,24,1500
Tocantins,170014681,173.85362882,Homem,64,500
Tocantins,170014681,224.42510105,Mulher,26,4000
Tocantins,170015829,206.19290044,Mulher,38,1500
Tocantins,170015829,206.19290044,Homem,32,5500
Tocantins,170015829,204.25818256,Mulher,51,2100
Tocantins,170015829,213.25685504,Homem,42,8000
Tocantins,170015829,209.51457532,Mulher,44,10000
Tocantins,170015829,209.51457532,Mulher,27,1000
Tocantins,170015829,209.97086006,Homem,65,5000
Tocantins,170015829,209.97086006,Mulher,33,2000
Tocantins,170015829,209.97086006,Homem,28,1500
Tocantins,170015829,145.31895279,Mulher,56,3000
Tocantins,170015829,184.11846963,Mulher,51,3400
Tocantins,170015829,184.11846963,Mulher,24,600
Tocantins,170016650,154.13455744,Mulher,37,998
Tocantins,170016650,172.18504416,Homem,36,2000
Tocantins,170016650,164.70881892,Homem,76,500
Tocantins,170016650,164.70881892,Mulher,42,500
Tocantins,170016650,192.17539547,Homem,31,1000
Tocantins,170016650,161.60673236,Mulher,42,1100
Tocantins,170016650,161.60673236,Homem,32,998
Tocantins,170016650,191.00279961,Mulher,32,1500
Tocantins,170016650,191.00279961,Homem,29,2000
Tocantins,170016650,191.00279961,Homem,25,1200
Tocantins,170016650,169.00230156,Mulher,43,998
Tocantins,170016650,170.17377166,Mulher,40,300
Tocantins,170016650,170.17377166,Homem,24,1200
Tocantins,170016650,170.17377166,Mulher,23,998
Tocantins,170016650,176.41377584,Homem,33,1650
Tocantins,170016650,176.41377584,Mulher,27,1800
Tocantins,170016650,122.41075824,Homem,76,800
Tocantins,170016650,169.34716689,Homem,22,500
Tocantins,170016705,101.28063688,Homem,43,11000
Tocantins,170016705,101.28063688,Mulher,38,4000
Tocantins,170016705,96.3109866,Mulher,49,3000
Tocantins,170016705,96.3109866,Homem,55,3000
Tocantins,170016705,96.3109866,Mulher,20,800
Tocantins,170016705,121.90736981,Homem,20,5000
Tocantins,170016705,121.90736981,Homem,33,4000
Tocantins,170016705,78.25526353,Homem,54,5000
Tocantins,170016705,75.63319782,Mulher,62,400
Tocantins,170016705,75.63319782,Homem,65,1500
Tocantins,170016705,95.78828184,Homem,55,400
Tocantins,170016705,95.78828184,Homem,19,998
Tocantins,170016705,89.10343962,Homem,52,3600
Tocantins,170016705,89.10343962,Mulher,48,5200
Tocantins,170016705,98.25040814,Homem,61,2500
Tocantins,170016705,98.25040814,Homem,32,1300
Tocantins,170016705,98.25040814,Homem,29,1200
Tocantins,170016705,101.82613676,Homem,45,6500
Tocantins,170016705,105.53253574,Homem,40,5000
Tocantins,170016705,89.71126873,Homem,30,4000
Tocantins,170016705,85.72075136,Homem,54,8000
Tocantins,170016705,85.72075136,Mulher,47,5000
Tocantins,170016914,184.88551679,Mulher,35,8000
Tocantins,170016914,160.67174196,Mulher,42,1200
Tocantins,170016914,188.14433653,Mulher,25,990
Tocantins,170016914,188.14433653,Homem,34,1300
Tocantins,170016914,143.8715706,Mulher,66,1500
Tocantins,170016914,167.39642809,Homem,46,998
Tocantins,170016914,176.2408359,Mulher,37,2000
Tocantins,170016914,176.2408359,Homem,39,4500
Tocantins,170016914,133.68927313,Homem,69,300
Tocantins,170016914,190.30494471,Homem,24,1800
Tocantins,170016914,190.30494471,Mulher,28,2000
Tocantins,170016914,187.67092572,Mulher,21,998
Tocantins,170017819,85.94602212,Homem,31,3000
Tocantins,170017819,89.08575294,Mulher,26,3000
Tocantins,170017819,83.29023306,Mulher,25,2000
Tocantins,170017819,83.29023306,Homem,30,2000
Tocantins,170017819,65.80310733,Homem,71,1500
Tocantins,170017819,65.36401152,Homem,60,2500
Tocantins,170017819,85.43974186,Mulher,23,1134
Tocantins,170017819,82.00980261,Homem,39,1800
Tocantins,170018251,204.01606561,Mulher,52,2000
Tocantins,170018251,204.01606561,Homem,24,1600
Tocantins,170018251,204.01606561,Mulher,22,1000
Tocantins,170018251,206.72990603,Mulher,45,800
Tocantins,170018251,206.72990603,Homem,24,1000
Tocantins,170018251,181.91205675,Mulher,54,1050
Tocantins,170018251,200.38175668,Mulher,60,1000
Tocantins,170018251,200.38175668,Mulher,41,998
Tocantins,170018251,200.38175668,Homem,25,1300
Tocantins,170018251,200.38175668,Mulher,27,1020
Tocantins,170018251,280.96203482,Homem,26,1200
Tocantins,170018251,154.0945064,Mulher,49,998
Tocantins,170018251,178.29385536,Mulher,32,2300
Tocantins,170018251,212.00112606,Homem,31,1500
Tocantins,170018251,212.00112606,Mulher,34,1000
Tocantins,170018251,247.41686627,Homem,28,998
Tocantins,170018251,247.41686627,Mulher,19,500
Tocantins,170018251,214.00143437,Mulher,27,998
Tocantins,170018251,214.00143437,Homem,38,2900
Tocantins,170019116,202.79350537,Homem,34,5000
Tocantins,170019116,151.80356181,Mulher,36,1200
Tocantins,170019116,191.18863031,Homem,62,1200
Tocantins,170019116,191.18863031,Homem,30,2500
Tocantins,170019116,129.12195632,Homem,55,15000
Tocantins,170019116,171.671193,Homem,31,1800
Tocantins,170019116,171.671193,Mulher,32,2900
Tocantins,170019116,163.59811153,Mulher,37,2000
Tocantins,170019116,163.59811153,Homem,41,2000
Tocantins,170019116,190.2679898,Mulher,23,4000
Tocantins,170019116,190.2679898,Mulher,23,700
Tocantins,170019116,159.26545598,Homem,61,15000
Tocantins,170019116,159.26545598,Homem,29,2500
Tocantins,170019116,167.25629419,Homem,51,12000
Tocantins,170019116,167.25629419,Mulher,32,4000
Tocantins,170019400,134.66097473,Mulher,42,1000
Tocantins,170019400,134.66097473,Homem,18,800
Tocantins,170019400,160.3687794,Homem,28,2500
Tocantins,170019400,160.3687794,Mulher,32,2000
Tocantins,170019400,140.18058086,Homem,57,1200
Tocantins,170019400,140.18058086,Mulher,56,1200
Tocantins,170019400,140.20544377,Homem,46,1600
Tocantins,170019400,140.20544377,Mulher,46,3800
Tocantins,170019400,127.11612759,Homem,52,600
Tocantins,170019400,127.11612759,Homem,47,1200
Tocantins,170019400,140.07570006,Mulher,54,1000
Tocantins,170019400,140.07570006,Homem,24,1300
Tocantins,170019400,151.06712447,Homem,42,3500
Tocantins,170019400,151.06712447,Mulher,39,1000
Tocantins,170019400,151.06712447,Homem,20,1000
Tocantins,170019400,144.67776924,Mulher,47,1600
Tocantins,170019400,144.67776924,Homem,37,1100
Tocantins,170019827,178.66056019,Mulher,23,800
Tocantins,170019827,178.66056019,Homem,55,2000
Tocantins,170019827,178.66056019,Homem,31,998
Tocantins,170019827,146.62784021,Homem,36,500
Tocantins,170019827,146.62784021,Mulher,35,1500
Tocantins,170019827,166.38409743,Mulher,60,2000
Tocantins,170019827,186.69293469,Homem,51,1500
Tocantins,170019827,186.69293469,Homem,25,998
Tocantins,170019827,186.69293469,Mulher,23,998
Tocantins,170019827,179.74521504,Homem,35,1500
Tocantins,170019827,213.16654394,Homem,21,2000
Tocantins,170019827,186.98380685,Mulher,45,1000
Tocantins,170019827,186.98380685,Homem,48,1000
Tocantins,170019827,186.94073331,Mulher,21,500
Tocantins,170019827,186.94073331,Mulher,27,1800
Tocantins,170019827,192.99590674,Mulher,26,3000
Tocantins,170019827,192.99590674,Homem,33,3000
Tocantins,170019827,159.13730329,Homem,38,1000
Tocantins,170019827,159.13730329,Mulher,25,1000
Tocantins,170020365,302.33406875,Homem,27,2100
Tocantins,170020365,226.37203627,Homem,61,3500
Tocantins,170020365,196.02922766,Homem,51,900
Tocantins,170020365,196.02922766,Mulher,50,500
Tocantins,170020365,271.12265602,Homem,46,1500
Tocantins,170020365,178.65108417,Mulher,58,1200
Tocantins,170020365,291.32116737,Homem,33,1218
Tocantins,170020365,234.20001355,Homem,73,180
Tocantins,170020365,234.20001355,Homem,38,998
Tocantins,170020365,258.19443826,Homem,43,1900
Tocantins,170020365,258.19443826,Mulher,44,2000
Tocantins,170020365,263.46797529,Homem,41,3000
Tocantins,170020365,263.46797529,Homem,20,2800
Tocantins,170020365,282.66556905,Mulher,29,1000
Tocantins,170020365,282.66556905,Homem,30,500
Tocantins,170020365,196.02922766,Homem,54,5000
Tocantins,170023005,302.36791464,Homem,52,1200
Tocantins,170023005,302.36791464,Mulher,21,1054
Tocantins,170023005,302.36791464,Homem,16,500
Tocantins,170023005,309.02345478,Homem,42,1400
Tocantins,170023005,311.55275359,Homem,59,1000
Tocantins,170023005,311.55275359,Homem,20,500
Tocantins,170023005,246.06734174,Homem,61,1500
Tocantins,170023005,240.31942988,Homem,56,600
Tocantins,170023005,240.31942988,Mulher,51,998
Tocantins,170023005,287.99419214,Homem,45,800
Tocantins,170023005,277.97394334,Homem,44,1111
Tocantins,170023005,277.97394334,Mulher,49,998
Tocantins,170023005,335.13659392,Homem,42,5000
Tocantins,170023005,327.60266844,Homem,35,1000
Tocantins,170023005,322.88439999,Homem,32,1800
Tocantins,170023005,322.88439999,Mulher,33,1300
Tocantins,170023005,431.78861304,Homem,28,1100
Tocantins,170023129,204.92583596,Mulher,34,15000
Tocantins,170023129,242.55929051,Mulher,40,19000
Tocantins,170023129,242.55929051,Homem,43,3000
Tocantins,170023129,193.43907869,Mulher,40,9000
Tocantins,170023129,193.43907869,Homem,50,16000
Tocantins,170023129,228.31836104,Homem,29,2000
Tocantins,170023129,228.31836104,Homem,58,5000
Tocantins,170023129,228.31836104,Mulher,47,5000
Tocantins,170023129,185.05705083,Mulher,52,27000
Tocantins,170023129,185.05705083,Homem,61,15000
Tocantins,170023129,213.3485646,Mulher,48,12000
Tocantins,170023129,220.91267317,Mulher,45,1500
Tocantins,170023129,220.91267317,Homem,51,3000
Tocantins,170023129,203.36265954,Homem,57,5000
Tocantins,170023129,200.33232677,Mulher,55,20000
Tocantins,170023129,200.33232677,Mulher,24,1800
Tocantins,170023289,130.32286159,Homem,38,2200
Tocantins,170023289,124.54573253,Mulher,45,3000
Tocantins,170023289,124.54573253,Homem,29,5000
Tocantins,170023289,91.40442895,Mulher,38,11600
Tocantins,170023289,90.79688569,Mulher,48,5000
Tocantins,170023289,111.66508623,Homem,50,5000
Tocantins,170023289,111.66508623,Mulher,42,2000
Tocantins,170023289,111.66508623,Homem,19,1500
Tocantins,170023289,109.91001493,Mulher,43,6000
Tocantins,170023289,118.69518766,Mulher,38,3800
Tocantins,170023289,118.69518766,Homem,32,1300
Tocantins,170023289,117.79485078,Mulher,40,8000
Tocantins,170023289,117.79485078,Homem,49,3500
Tocantins,170023289,110.73889616,Homem,35,10000
Tocantins,170023289,125.61584465,Homem,29,1800
Tocantins,170023289,125.61584465,Mulher,54,2300
Tocantins,170023289,116.25328325,Homem,37,18000
Tocantins,170023289,114.72565833,Homem,51,14000
Tocantins,170023768,161.21090761,Mulher,45,998
Tocantins,170023768,161.21090761,Mulher,21,400
Tocantins,170023768,161.21090761,Homem,18,500
Tocantins,170023768,200.1598042,Mulher,28,1200
Tocantins,170023768,147.4001451,Homem,64,600
Tocantins,170023768,165.6221364,Homem,38,12000
Tocantins,170023768,194.66909494,Homem,18,1070
Tocantins,170023768,201.23439266,Homem,32,5000
Tocantins,170023768,176.79503993,Homem,32,1700
Tocantins,170023768,176.79503993,Homem,37,2000
Tocantins,170023768,176.79503993,Homem,36,3000
Tocantins,170023768,176.79503993,Homem,35,3000
Tocantins,170023768,176.79503993,Mulher,32,2000
Tocantins,170023768,201.76893873,Mulher,20,998
Tocantins,170023768,201.76893873,Homem,20,1100
Tocantins,170023768,173.26125261,Homem,46,1200
Tocantins,170023768,142.37756299,Homem,56,1500
Tocantins,170023768,142.37756299,Mulher,53,3000
Tocantins,170023768,184.70938081,Mulher,58,998
Tocantins,170023768,184.70938081,Mulher,24,998
Tocantins,170023922,238.02502383,Homem,33,8000
Tocantins,170023922,238.02502383,Homem,29,8000
Tocantins,170023922,254.58733499,Homem,28,8300
Tocantins,170023922,199.54807051,Homem,36,10000
Tocantins,170023922,199.54807051,Mulher,34,4000
Tocantins,170023922,163.08701956,Homem,45,8599
Tocantins,170023922,163.08701956,Mulher,45,9360
Tocantins,170023922,172.46054301,Mulher,43,6000
Tocantins,170023922,189.51046047,Mulher,36,12000
Tocantins,170023922,189.51046047,Homem,37,7500
Tocantins,170023922,177.1372983,Mulher,38,4200
Tocantins,170023922,177.1372983,Homem,43,6000
Tocantins,170023922,139.62921982,Mulher,46,4500
Tocantins,170023922,204.60963437,Mulher,32,5000
Tocantins,170023922,204.60963437,Homem,31,10000
Tocantins,170023922,153.90478145,Mulher,52,3500
Tocantins,170023922,153.90478145,Mulher,26,3500
Tocantins,170023987,98.98755168,Mulher,37,4215
Tocantins,170023987,98.98755168,Homem,45,1500
Tocantins,170023987,87.38190637,Mulher,44,2200
Tocantins,170023987,88.63923496,Homem,41,1500
Tocantins,170023987,88.63923496,Mulher,40,998
Tocantins,170023987,95.39659382,Mulher,38,3900
Tocantins,170023987,95.39659382,Homem,35,6500
Tocantins,170023987,102.6159645,Homem,38,4500
Tocantins,170023987,102.6159645,Mulher,28,2600
Tocantins,170023987,105.01447813,Homem,23,998
Tocantins,170023987,105.01447813,Mulher,53,3000
Tocantins,170023987,105.01447813,Homem,28,3000
Tocantins,170023987,83.42672529,Mulher,51,17000
Tocantins,170023987,83.42672529,Homem,53,17000
Tocantins,170023987,81.88385355,Homem,67,6000
Tocantins,170023987,81.88385355,Mulher,63,5000
Tocantins,170023987,81.88385355,Mulher,36,3000
Tocantins,170023987,89.72681703,Mulher,60,1500
Tocantins,170023987,89.72681703,Homem,35,4000
Tocantins,170023987,89.72681703,Mulher,25,4000
Tocantins,170023987,102.20331332,Homem,42,4000
Tocantins,170024087,184.05032047,Mulher,42,750
Tocantins,170024087,184.05032047,Homem,49,750
Tocantins,170024087,184.05032047,Mulher,19,1100
Tocantins,170024087,172.93111646,Homem,32,1000
Tocantins,170024087,172.93111646,Mulher,26,1000
Tocantins,170024087,158.07633378,Homem,52,5700
Tocantins,170024087,158.07633378,Mulher,49,2000
Tocantins,170024087,158.07633378,Mulher,25,1500
Tocantins,170024087,236.07078455,Homem,23,1400
Tocantins,170024087,211.80083423,Homem,32,300
Tocantins,170024087,211.80083423,Mulher,24,700
Tocantins,170024087,212.07119707,Homem,23,3000
Tocantins,170024087,212.07119707,Mulher,20,1000
Tocantins,170024087,206.66055522,Homem,22,2500
Tocantins,170024087,206.66055522,Mulher,25,2000
Tocantins,170024087,206.66055522,Homem,36,2000
Tocantins,170024087,206.66055522,Mulher,34,3000
Tocantins,170024087,210.04657184,Homem,34,2500
Tocantins,170024087,167.50933614,Mulher,56,2300
Tocantins,170024087,167.50933614,Homem,30,2300
Tocantins,170024087,190.77620754,Mulher,30,1014
Tocantins,170024087,190.77620754,Homem,34,2500
Tocantins,170024087,236.07078455,Homem,23,1150
Tocantins,170024180,238.87492438,Homem,37,1200
Tocantins,170024180,213.89490786,Mulher,51,3000
Tocantins,170024180,213.89490786,Homem,46,4000
Tocantins,170024180,213.89490786,Homem,23,900
Tocantins,170024180,168.02053048,Mulher,45,3000
Tocantins,170024180,206.13317567000001,Homem,56,1500
Tocantins,170024180,206.13317567000001,Mulher,49,300
Tocantins,170024180,202.8178394,Mulher,38,2000
Tocantins,170024180,202.8178394,Homem,56,10000
Tocantins,170024180,201.36779691,Homem,54,10000
Tocantins,170024180,201.36779691,Homem,23,25000
Tocantins,170024180,225.80608898,Homem,37,12000
Tocantins,170024180,273.87250364,Homem,27,2500
Tocantins,170024180,215.55900061,Homem,49,10000
Tocantins,170024275,179.12707502,Mulher,44,998
Tocantins,170024275,179.12707502,Homem,44,1500
Tocantins,170024275,197.8031126,Homem,34,10000
Tocantins,170024275,226.20772176,Homem,31,40000
Tocantins,170024275,203.71591196,Homem,35,5000
Tocantins,170024275,191.49207659,Homem,31,10000
Tocantins,170024275,191.49207659,Mulher,30,4000
Tocantins,170024275,199.47707777,Mulher,37,2000
Tocantins,170024275,199.47707777,Homem,33,5700
Tocantins,170024275,193.46686166,Homem,46,30000
Tocantins,170024275,147.09032846,Mulher,40,4000
Tocantins,170024275,191.86372293,Mulher,36,4000
Tocantins,170024275,203.71591196,Homem,38,9000
Tocantins,170024275,184.02886559,Homem,45,3000
Tocantins,170024275,229.03550941,Homem,28,4500
Tocantins,170024275,229.03550941,Mulher,27,3200
Tocantins,170024332,411.87634874,Mulher,41,998
Tocantins,170024332,411.87634874,Mulher,20,998
Tocantins,170024332,411.87634874,Homem,23,998
Tocantins,170024332,442.63601947,Mulher,40,1500
Tocantins,170024332,442.63601947,Homem,24,1500
Tocantins,170024332,442.63601947,Mulher,23,998
Tocantins,170024332,425.29424801,Mulher,36,950
Tocantins,170024332,386.11372087,Mulher,36,1000
Tocantins,170024332,386.11372087,Homem,37,1090
Tocantins,170024332,406.42163736,Homem,37,2000
Tocantins,170024332,406.42163736,Mulher,22,600
Tocantins,170024332,387.23701814,Mulher,34,2700
Tocantins,170024332,420.1619981,Mulher,46,600
Tocantins,170024332,420.1619981,Homem,23,600
Tocantins,170024332,420.1619981,Homem,22,1500
Tocantins,170024332,339.35006233,Mulher,49,1200
Tocantins,170024332,388.23180356,Mulher,44,800
Tocantins,170024332,388.23180356,Homem,43,3000
Tocantins,170024332,425.14983491,Homem,32,1400
Tocantins,170024332,365.8852317,Mulher,34,2300
Tocantins,170024332,365.8852317,Homem,30,1600
Tocantins,170024332,365.8852317,Mulher,59,4000
Tocantins,170024427,174.90329104,Homem,30,700
Tocantins,170024427,195.85177484,Homem,36,1650
Tocantins,170024427,195.85177484,Mulher,30,650
Tocantins,170024427,200.23144817,Mulher,17,800
Tocantins,170024427,200.23144817,Homem,47,13000
Tocantins,170024427,200.23144817,Homem,19,1600
Tocantins,170024427,181.47862905,Homem,47,1500
Tocantins,170024427,181.47862905,Mulher,43,2500
Tocantins,170024427,222.28182888,Mulher,29,350
Tocantins,170024427,222.28182888,Homem,31,2000
Tocantins,170024427,163.28487156,Homem,58,2000
Tocantins,170024427,223.86014671,Mulher,19,450
Tocantins,170024427,223.86014671,Homem,22,1640
Tocantins,170024427,155.65621768,Homem,61,1000
Tocantins,170024427,236.32416824,Homem,23,1500
Tocantins,170024427,199.48862039,Mulher,36,1180
Tocantins,170024427,199.48862039,Homem,35,1500
Tocantins,170024427,185.62177955,Homem,39,3500
Tocantins,170024427,185.62177955,Mulher,33,1200
Tocantins,170024427,173.17114491,Mulher,35,900
Tocantins,170024427,173.17114491,Homem,39,1000
Tocantins,170024427,183.36865123,Homem,50,2000
Tocantins,170024700,147.64568671,Mulher,30,5000
Tocantins,170024700,127.98305302,Homem,69,10000
Tocantins,170024700,180.06177928,Homem,33,5600
Tocantins,170024700,168.39225902,Homem,39,4000
Tocantins,170024700,168.39225902,Mulher,29,2000
Tocantins,170024700,147.08675164,Mulher,37,4000
Tocantins,170024700,147.08675164,Homem,51,8000
Tocantins,170024700,155.27703665,Mulher,31,2000
Tocantins,170024700,155.27703665,Homem,32,5000
Tocantins,170024700,182.31270366,Homem,29,9500
Tocantins,170024700,176.14955579,Homem,28,5500
Tocantins,170024700,176.14955579,Mulher,28,2000
Tocantins,170025021,125.40385622,Homem,42,2000
Tocantins,170025021,151.13358376,Mulher,22,998
Tocantins,170025021,151.13358376,Homem,31,2000
Tocantins,170025021,156.02893239,Homem,34,2000
Tocantins,170025021,164.19099569,Mulher,23,1200
Tocantins,170025021,164.19099569,Homem,27,1500
Tocantins,170025021,123.19722016,Mulher,47,4500
Tocantins,170025021,140.52005237,Homem,42,1600
Tocantins,170025021,140.52005237,Mulher,20,670
Tocantins,170025021,116.73531559,Homem,31,1100
Tocantins,170025021,116.73531559,Homem,62,998
Tocantins,170025021,116.73531559,Mulher,52,998
Tocantins,170025021,129.3748713,Homem,35,2500
Tocantins,170025021,129.3748713,Mulher,34,998
Tocantins,170025021,131.69973203,Homem,41,1840
Tocantins,170025021,131.69973203,Mulher,32,9150
Tocantins,170025021,129.42745162,Mulher,39,1100
Tocantins,170025021,129.42745162,Homem,36,1000
Tocantins,170025021,129.42745162,Mulher,22,80
Tocantins,170025021,130.28871895,Mulher,49,2300
Tocantins,170025021,130.28871895,Homem,44,1500
Tocantins,170025021,130.28871895,Mulher,25,2300
Tocantins,170025021,130.28871895,Homem,21,998
Tocantins,170025077,191.04730812,Homem,53,1200
Tocantins,170025077,236.40925583,Homem,29,1500
Tocantins,170025077,236.40925583,Mulher,25,1300
Tocantins,170025077,206.90728463,Mulher,38,998
Tocantins,170025077,206.90728463,Homem,28,800
Tocantins,170025077,206.90728463,Homem,22,998
Tocantins,170025077,234.24392207,Homem,27,700
Tocantins,170025077,174.09599883,Homem,16,460
Tocantins,170025077,196.46978287,Homem,55,998
Tocantins,170025077,189.44823887,Mulher,38,998
Tocantins,170025077,189.44823887,Homem,17,700
Tocantins,170025077,189.44823887,Homem,17,700
Tocantins,170025077,184.92753051,Homem,35,1000
Tocantins,170025077,184.92753051,Mulher,44,1000
Tocantins,170025077,208.09087274,Mulher,47,998
Tocantins,170025077,208.09087274,Mulher,20,150
Tocantins,170025077,179.48786192,Mulher,37,998
Tocantins,170025077,228.07726781,Homem,30,2500
Tocantins,170025077,169.9889818,Mulher,55,230
Tocantins,170025077,169.9889818,Homem,45,1200
Tocantins,170025309,123.78928264,Mulher,51,3000
Tocantins,170025309,123.78928264,Homem,45,3000
Tocantins,170025309,142.63524976,Mulher,29,1200
Tocantins,170025309,142.63524976,Homem,28,1100
Tocantins,170025309,134.46064048,Homem,42,4800
Tocantins,170025309,134.46064048,Homem,23,1000
Tocantins,170025309,133.12151615,Mulher,34,1500
Tocantins,170025309,150.94205745,Homem,44,1000
Tocantins,170025309,150.94205745,Mulher,29,1000
Tocantins,170025309,142.81427134,Homem,28,2800
Tocantins,170025309,142.81427134,Mulher,32,1600
Tocantins,170025309,135.07602842,Mulher,56,3000
Tocantins,170025309,135.07602842,Mulher,24,400
Tocantins,170025309,123.06533203,Homem,53,4000
Tocantins,170025309,123.06533203,Mulher,57,2800
Tocantins,170025309,123.06533203,Mulher,25,8000
Tocantins,170025309,123.06533203,Homem,23,1500
Tocantins,170025309,104.37077287,Mulher,44,2800
Tocantins,170025309,133.53233123,Homem,42,1700
Tocantins,170025309,133.53233123,Mulher,31,998
Tocantins,170025309,166.59967107,Homem,29,2400
Tocantins,170025309,166.59967107,Mulher,24,1500
Tocantins,170025309,125.16948859,Homem,41,1000
Tocantins,170025438,95.50963451,Mulher,30,13000
Tocantins,170025438,93.08633373,Homem,45,3000
Tocantins,170025438,88.6967476,Mulher,27,3000
Tocantins,170025438,95.05538326,Homem,25,1500
Tocantins,170025438,95.05538326,Homem,69,7000
Tocantins,170025438,95.05538326,Mulher,34,4000
Tocantins,170025438,102.87752843,Mulher,67,13000
Tocantins,170025438,102.87752843,Homem,28,5000
Tocantins,170025438,81.19096481,Mulher,57,1500
Tocantins,170025438,82.83660504,Homem,53,3000
Tocantins,170025438,82.83660504,Mulher,31,3000
Tocantins,170025438,117.73118065,Homem,30,5000
Tocantins,170025438,117.73118065,Mulher,26,5000
Tocantins,170025438,81.19096481,Mulher,55,3000
Tocantins,170025613,74.9785678,Mulher,34,1200
Tocantins,170025613,98.16621861,Mulher,21,980
Tocantins,170025613,70.54093611,Homem,67,5000
Tocantins,170025613,85.3473797,Homem,52,2000
Tocantins,170025613,85.3473797,Mulher,27,800
Tocantins,170025613,85.3473797,Mulher,23,1000
Tocantins,170025613,94.22538079,Homem,35,1700
Tocantins,170025613,66.61874236,Homem,57,4000
Tocantins,170025613,66.61874236,Mulher,54,4000
Tocantins,170025613,87.52700124,Mulher,25,1000
Tocantins,170025613,80.03380445,Homem,73,6000
Tocantins,170025613,104.62859045,Homem,32,1300
Tocantins,170032801,222.92516247,Homem,37,900
Tocantins,170032801,203.77494501,Mulher,32,2220
Tocantins,170032801,203.77494501,Homem,38,9500
Tocantins,170032801,186.96892199,Mulher,36,1600
Tocantins,170032801,186.96892199,Homem,43,2100
Tocantins,170032801,186.96892199,Homem,18,998
Tocantins,170032801,231.85194993,Homem,22,1000
Tocantins,170032801,187.879596,Homem,45,998
Tocantins,170032801,190.08679963,Mulher,36,1200
Tocantins,170032801,190.08679963,Homem,35,3000
Tocantins,170032801,183.99138618,Homem,45,2000
Tocantins,170026058,246.46029249,Homem,58,1800
Tocantins,170026058,246.46029249,Homem,20,3000
Tocantins,170026058,227.2458897,Mulher,39,1060
Tocantins,170026058,227.2458897,Homem,45,2500
Tocantins,170026058,242.80711777,Mulher,31,1060
Tocantins,170026058,232.49091216,Homem,43,1800
Tocantins,170026058,242.38041011,Homem,47,1200
Tocantins,170026058,204.84824829,Mulher,46,500
Tocantins,170026058,204.84824829,Mulher,29,2500
Tocantins,170026058,198.89267688,Mulher,56,3000
Tocantins,170026058,198.89267688,Homem,49,600
Tocantins,170026058,268.15944575,Homem,31,998
Tocantins,170027431,104.54052841,Homem,24,1000
Tocantins,170027431,93.56236736,Homem,18,1500
Tocantins,170027431,76.63152369,Homem,53,600
Tocantins,170029851,149.81520539,Mulher,51,1000
Tocantins,170029851,149.81520539,Homem,28,800
Tocantins,170029851,134.01062725,Homem,49,400
Tocantins,170029851,134.01062725,Mulher,49,1000
Tocantins,170029851,121.15067114,Homem,53,2500
Tocantins,170029851,157.66599156,Homem,43,8000
Tocantins,170029851,157.66599156,Mulher,18,600
Tocantins,170029851,160.29847457,Homem,37,1300
Tocantins,170029851,155.04417111,Homem,41,2200
Tocantins,170029851,155.04417111,Mulher,37,700
Tocantins,170029851,140.4396386,Homem,56,1300
Tocantins,170029851,129.78771683,Homem,61,1500
Tocantins,170000040,234.64955079,Mulher,40,600
Tocantins,170000040,234.64955079,Homem,24,700
Tocantins,170000040,178.31130468,Homem,53,1996
Tocantins,170000040,199.91546252,Mulher,54,1000
Tocantins,170000040,199.91546252,Homem,56,700
Tocantins,170000040,198.33867215,Mulher,50,300
Tocantins,170000040,202.61789621,Homem,57,998
Tocantins,170000040,223.87957719,Mulher,47,4200
Tocantins,170000040,223.87957719,Homem,51,998
Tocantins,170000040,223.87957719,Homem,25,800
Tocantins,170000040,216.28350227,Homem,62,750
Tocantins,170000040,216.28350227,Mulher,60,750
Tocantins,170000040,216.28350227,Homem,24,998
Tocantins,170000040,231.92290794,Mulher,41,700
Tocantins,170000040,231.92290794,Homem,46,300
Tocantins,170000040,257.11709937,Homem,30,1500
Tocantins,170000040,257.11709937,Mulher,25,3000
Tocantins,170000040,220.72429523,Mulher,45,3000
Tocantins,170000040,253.05965344,Mulher,42,998
Tocantins,170000040,253.05965344,Homem,26,998
Tocantins,170000040,253.05965344,Homem,21,300
Tocantins,170000040,199.08936649,Mulher,18,1000
Tocantins,170002837,133.35300411,Homem,64,4000
Tocantins,170002837,170.40801546,Homem,42,4000
Tocantins,170002837,181.24138669,Mulher,43,800
Tocantins,170002837,163.07761095,Homem,25,600
Tocantins,170002837,206.4551298,Homem,25,2500
Tocantins,170002837,145.31555339,Homem,58,1500
Tocantins,170002837,187.43966442,Homem,34,3000
Tocantins,170002837,150.18502009,Homem,47,2000
Tocantins,170002837,150.18502009,Mulher,48,1100
Tocantins,170002837,130.48533829,Mulher,51,1500
Tocantins,170002837,168.41297114,Homem,49,1500
Tocantins,170002837,168.41297114,Mulher,44,1800
Tocantins,170002855,244.54921317,Homem,58,10000
Tocantins,170002855,244.54921317,Mulher,29,1800
Tocantins,170002855,244.05876769,Homem,50,4000
Tocantins,170002855,304.07418074,Mulher,21,800
Tocantins,170002855,276.11425203,Homem,64,2400
Tocantins,170002855,276.11425203,Mulher,52,200
Tocantins,170002855,276.11425203,Homem,21,680
Tocantins,170002855,299.28329881,Mulher,39,600
Tocantins,170002855,273.57471415,Mulher,40,1500
Tocantins,170002855,273.57471415,Homem,37,1500
Tocantins,170002855,247.43310627,Homem,58,1080
Tocantins,170002943,252.88729684,Homem,25,1200
Tocantins,170002943,228.17438273,Homem,41,1500
Tocantins,170002943,284.03944107,Homem,23,998
Tocantins,170002943,187.96741625,Homem,59,900
Tocantins,170002943,188.83250475,Mulher,40,1300
Tocantins,170002943,265.78975366,Homem,21,1200
Tocantins,170002943,265.78975366,Mulher,24,1200
Tocantins,170002943,255.12893323,Homem,42,800
Tocantins,170002943,255.12893323,Homem,23,1000
Tocantins,170002943,188.58646965,Homem,57,700
Tocantins,170002943,205.19162026,Homem,29,1000
Tocantins,170002943,205.19162026,Homem,59,1000
Tocantins,170003029,216.84076429,Homem,32,2000
Tocantins,170003029,216.84076429,Mulher,27,550
Tocantins,170003029,201.41022319,Homem,32,998
Tocantins,170003029,169.77753476,Mulher,57,3600
Tocantins,170003029,217.21576393,Mulher,46,1380
Tocantins,170003029,217.21576393,Homem,28,3000
Tocantins,170003029,193.89615391,Homem,43,3000
Tocantins,170003029,193.89615391,Mulher,36,3000
Tocantins,170003029,186.68204952,Homem,25,1300
Tocantins,170003029,271.22108387,Homem,29,920
Tocantins,170003029,183.67033738,Homem,50,998
Tocantins,170004544,202.80327641,Mulher,52,300
Tocantins,170004544,171.42625991,Homem,54,1100
Tocantins,170004544,234.4689809,Homem,47,800
Tocantins,170004544,234.4689809,Mulher,43,600
Tocantins,170004544,234.4689809,Homem,20,400
Tocantins,170004544,221.67054115,Homem,47,1500
Tocantins,170004544,221.67054115,Homem,25,1050
Tocantins,170004544,226.03489145,Mulher,31,300
Tocantins,170004544,226.03489145,Homem,43,2300
Tocantins,170004544,203.38157438,Mulher,36,1500
Tocantins,170004544,213.20365843,Mulher,35,500
Tocantins,170004544,213.20365843,Homem,35,1200
Tocantins,170004544,248.99422269,Homem,47,998
Tocantins,170004544,231.54742534,Mulher,28,998
Tocantins,170004544,231.54742534,Homem,31,998
Tocantins,170004544,223.06069903,Homem,47,2225
Tocantins,170004544,222.55038271,Homem,28,1100
Tocantins,170004544,222.55038271,Mulher,48,998
Tocantins,170004544,207.25295875,Homem,42,2500
Tocantins,170004872,179.98904778,Mulher,44,2600
Tocantins,170004872,179.98904778,Homem,34,1500
Tocantins,170004872,117.80002553,Mulher,55,998
Tocantins,170004872,174.40729808,Homem,34,998
Tocantins,170004872,233.12838624,Homem,27,1250
Tocantins,170004872,135.20373645,Homem,77,10000
Tocantins,170004872,145.13109688,Mulher,50,1996
Tocantins,170004872,149.15181149,Homem,48,1400
Tocantins,170004872,187.31881827,Mulher,21,200
Tocantins,170004872,187.31881827,Homem,39,1300
Tocantins,170004872,175.29362567,Homem,41,5000
Tocantins,170005701,161.72259448,Mulher,34,1200
Tocantins,170005701,176.08600026,Homem,56,2500
Tocantins,170005701,176.08600026,Homem,23,800
Tocantins,170005701,204.09394163,Mulher,31,1500
Tocantins,170005701,162.05547135,Homem,51,6000
Tocantins,170005701,162.05547135,Mulher,50,5000
Tocantins,170005701,194.59140209,Homem,32,6000
Tocantins,170005701,160.95010143,Homem,56,200
Tocantins,170005701,162.64019062,Homem,61,50
Tocantins,170005701,192.01167218,Mulher,33,998
Tocantins,170005701,141.42963623,Mulher,45,3890
Tocantins,170005701,151.46719944,Mulher,57,5000
Tocantins,170005701,151.46719944,Mulher,47,3000
Tocantins,170007230,216.32464065,Mulher,64,3000
Tocantins,170007230,272.69836049,Homem,35,3000
Tocantins,170007230,272.69836049,Homem,30,4000
Tocantins,170007230,252.65271287,Mulher,33,998
Tocantins,170007230,252.65271287,Homem,18,998
Tocantins,170007230,307.10885042,Homem,32,3000
Tocantins,170007230,307.10885042,Mulher,30,1500
Tocantins,170007230,194.7178713,Mulher,58,200
Tocantins,170007796,210.06543703,Homem,47,2000
Tocantins,170007796,210.06543703,Mulher,46,1000
Tocantins,170007796,262.1739172,Homem,31,2000
Tocantins,170007796,214.91133101,Homem,41,800
Tocantins,170007796,217.70972619,Mulher,44,5200
Tocantins,170007796,221.02735346,Mulher,72,1500
Tocantins,170007796,221.02735346,Homem,48,1000
Tocantins,170007796,221.02735346,Mulher,21,1200
Tocantins,170007796,286.64452142,Homem,31,1800
Tocantins,170007796,254.01536187,Homem,44,4800
Tocantins,170007796,254.01536187,Mulher,44,3000
Tocantins,170007796,232.87929782,Homem,41,1500
Tocantins,170007796,232.87929782,Mulher,41,1000
Tocantins,170007796,186.38902544,Mulher,40,1000
Tocantins,170007796,280.41656214,Homem,26,2000
Tocantins,170007796,280.41656214,Mulher,26,1600
Tocantins,170007796,235.49127853,Homem,41,15000
Tocantins,170008290,224.31100726,Homem,62,3000
Tocantins,170008290,224.31100726,Mulher,54,998
Tocantins,170008290,224.31100726,Mulher,19,998
Tocantins,170008290,277.83011373,Homem,31,2000
Tocantins,170008290,277.83011373,Mulher,43,998
Tocantins,170008290,252.30989463,Mulher,36,998
Tocantins,170008290,243.69754753,Mulher,41,1300
Tocantins,170008290,243.69754753,Homem,47,4000
Tocantins,170008290,284.33102283,Mulher,34,800
Tocantins,170008290,259.29417741,Homem,26,998
Tocantins,170008290,223.12934322,Mulher,41,1000
Tocantins,170008290,260.39937289,Mulher,34,998
Tocantins,170008290,201.9227511,Mulher,54,1500
Tocantins,170008466,193.6183387,Mulher,27,1300
Tocantins,170008466,178.47036686,Homem,66,500
Tocantins,170008466,191.89165307,Mulher,53,3000
Tocantins,170008466,191.89165307,Mulher,22,998
Tocantins,170008466,219.1088708,Mulher,41,600
Tocantins,170008466,219.1088708,Homem,41,1000
Tocantins,170008466,219.1088708,Mulher,19,300
Tocantins,170008466,202.84780289,Mulher,40,480
Tocantins,170008466,202.84780289,Homem,47,1400
Tocantins,170008466,200.58844717,Mulher,58,1200
Tocantins,170008466,200.58844717,Homem,36,998
Tocantins,170008466,219.05492071,Homem,57,2000
Tocantins,170008466,219.05492071,Mulher,43,700
Tocantins,170008466,219.05492071,Homem,24,1200
Tocantins,170008466,219.05492071,Mulher,22,500
Tocantins,170010029,376.10589422,Homem,33,3000
Tocantins,170010029,372.4841107,Homem,18,200
Tocantins,170010029,332.56482713,Mulher,51,2500
Tocantins,170010029,327.96552935,Homem,28,800
Tocantins,170010029,263.27026654,Homem,57,50
Tocantins,170010029,339.67592156,Mulher,31,400
Tocantins,170010029,339.67592156,Homem,37,500
Tocantins,170010029,325.28168539,Mulher,35,500
Tocantins,170010029,336.19682833,Homem,37,2000
Tocantins,170010029,336.19682833,Mulher,42,1000
Tocantins,170010029,332.62309209,Homem,58,998
Tocantins,170010029,332.62309209,Mulher,33,400
Tocantins,170010148,208.73558831,Homem,54,500
Tocantins,170010148,195.25381905,Homem,18,600
Tocantins,170010148,230.90445643,Homem,37,998
Tocantins,170010148,217.97798451,Homem,44,1500
Tocantins,170010148,180.14172021,Homem,61,3000
Tocantins,170010148,208.85154198,Mulher,33,200
Tocantins,170010148,242.96144731,Homem,38,1500
Tocantins,170010148,242.96144731,Homem,25,500
Tocantins,170010148,201.19386368,Homem,56,998
Tocantins,170010734,405.239713,Homem,39,1200
Tocantins,170010734,405.239713,Mulher,33,400
Tocantins,170010734,393.06157994,Mulher,48,3900
Tocantins,170010734,393.06157994,Homem,51,2500
Tocantins,170010734,393.06157994,Homem,21,500
Tocantins,170010734,336.86760818,Homem,65,1000
Tocantins,170010734,381.69910419,Homem,40,1000
Tocantins,170010734,420.07720105,Mulher,40,3000
Tocantins,170010734,420.07720105,Homem,31,4500
Tocantins,170010734,391.2543559,Homem,54,1400
Tocantins,170010734,391.2543559,Mulher,46,1200
Tocantins,170010734,391.2543559,Mulher,20,1200
Tocantins,170010734,398.85385314,Homem,49,2000
Tocantins,170010734,444.58057359,Homem,30,1000
Tocantins,170010734,444.58057359,Mulher,26,1000
Tocantins,170010734,394.8243661,Mulher,52,3000
Tocantins,170010734,510.7463211,Mulher,29,50
Tocantins,170011000,274.90942419,Homem,23,998
Tocantins,170011000,229.47829532,Homem,55,200
Tocantins,170011000,234.59337408,Homem,58,100
Tocantins,170011000,279.88006468,Mulher,32,200
Tocantins,170011000,283.17484434,Mulher,45,2400
Tocantins,170011000,283.17484434,Homem,52,1400
Tocantins,170011000,267.9201206,Mulher,36,200
Tocantins,170011000,267.9201206,Homem,45,998
Tocantins,170011000,236.4116245,Mulher,41,998
Tocantins,170011000,236.4116245,Homem,15,150
Tocantins,170011000,278.85367297,Homem,41,3000
Tocantins,170011000,278.85367297,Mulher,35,3000
Tocantins,170011000,302.64645186,Homem,35,3000
Tocantins,170011000,302.64645186,Mulher,31,3100
Tocantins,170011000,343.1790801,Mulher,24,3100
Tocantins,170011000,343.1790801,Homem,23,400
Tocantins,170011343,229.85260296,Homem,41,998
Tocantins,170011343,322.26270338,Homem,28,1200
Tocantins,170011343,322.26270338,Mulher,20,1300
Tocantins,170011343,270.86649704,Homem,36,400
Tocantins,170011343,274.29409377,Mulher,26,2000
Tocantins,170011343,274.29409377,Mulher,23,600
Tocantins,170011343,238.03298008,Mulher,44,2500
Tocantins,170011343,238.03298008,Homem,39,998
Tocantins,170011343,256.69706363,Homem,47,3300
Tocantins,170011343,233.17809112,Homem,54,2000
Tocantins,170011343,233.17809112,Mulher,27,1650
Tocantins,170011343,233.17809112,Mulher,23,998
Tocantins,170012160,186.402922,Homem,74,120
Tocantins,170012160,186.402922,Mulher,59,1600
Tocantins,170012160,272.13555304,Homem,32,300
Tocantins,170012160,243.47885837,Homem,36,998
Tocantins,170012160,243.47885837,Mulher,34,1500
Tocantins,170012160,261.42085292,Mulher,27,500
Tocantins,170012160,261.42085292,Homem,30,998
Tocantins,170012160,184.87113142,Homem,66,250
Tocantins,170012160,184.87113142,Mulher,56,250
Tocantins,170012160,251.27540953,Homem,34,100
Tocantins,170012160,251.27540953,Homem,27,200
Tocantins,170012160,246.0455004,Homem,47,3000
Tocantins,170012160,246.0455004,Mulher,43,8700
Tocantins,170012160,245.72087086,Homem,42,1200
Tocantins,170012160,213.6999813,Homem,54,400
Tocantins,170012160,213.6999813,Mulher,56,400
Tocantins,170012160,167.35586443,Mulher,60,998
Tocantins,170012160,242.52840393,Homem,37,1200
Tocantins,170012160,242.52840393,Mulher,34,360
Tocantins,170013112,307.35575742,Mulher,56,1600
Tocantins,170013112,307.35575742,Homem,29,1600
Tocantins,170013112,307.35575742,Homem,26,3000
Tocantins,170013112,307.35575742,Mulher,31,998
Tocantins,170013112,304.92561663,Homem,49,2000
Tocantins,170013112,304.92561663,Mulher,46,1800
Tocantins,170013112,304.92561663,Homem,21,998
Tocantins,170013112,230.01543106,Mulher,47,200
Tocantins,170013112,305.60421492,Homem,47,998
Tocantins,170013112,305.60421492,Mulher,37,998
Tocantins,170013112,209.59685978,Mulher,51,1700
Tocantins,170013112,288.37285607,Homem,53,998
Tocantins,170013112,288.37285607,Mulher,50,300
Tocantins,170013112,288.37285607,Homem,20,1000
Tocantins,170013112,309.1386976,Homem,54,6000
Tocantins,170013112,309.1386976,Mulher,32,990
Tocantins,170013112,288.27566947,Homem,48,6000
Tocantins,170013112,288.27566947,Mulher,42,2000
Tocantins,170014900,284.8402545,Homem,54,4000
Tocantins,170014900,284.8402545,Mulher,40,998
Tocantins,170014900,317.85367411,Homem,33,1279
Tocantins,170014900,349.55401509,Mulher,29,350
Tocantins,170014900,349.55401509,Homem,24,500
Tocantins,170014900,319.83770186,Homem,43,998
Tocantins,170014900,319.83770186,Homem,16,150
Tocantins,170014900,303.50638273,Mulher,35,300
Tocantins,170014900,303.50638273,Homem,58,800
Tocantins,170014900,303.50638273,Homem,41,500
Tocantins,170014900,281.0014497,Homem,55,1100
Tocantins,170014900,281.0014497,Homem,31,1300
Tocantins,170014900,344.23448548,Homem,36,10000
Tocantins,170014900,318.25801843,Homem,48,900
Tocantins,170014900,292.90646953,Homem,40,150
Tocantins,170014900,248.99352623,Homem,53,300
Tocantins,170014900,315.4669258,Homem,38,1200
Tocantins,170014900,315.4669258,Mulher,35,160
Tocantins,170016579,291.89445872,Mulher,54,3600
Tocantins,170016579,291.89445872,Homem,56,200
Tocantins,170016579,253.43928773,Mulher,36,3500
Tocantins,170016579,259.89368777,Homem,66,200
Tocantins,170016579,313.67678124,Homem,45,8300
Tocantins,170016579,320.70283612,Mulher,34,2675
Tocantins,170016579,320.70283612,Homem,43,1050
Tocantins,170016579,273.71129684,Mulher,37,350
Tocantins,170016579,272.79108261,Homem,48,600
Tocantins,170016579,272.79108261,Mulher,43,988
Tocantins,170016579,325.48731554,Mulher,37,500
Tocantins,170016579,325.48731554,Homem,32,1200
Tocantins,170016579,336.29822641,Mulher,34,2200
Tocantins,170016579,290.56438047,Mulher,43,5130
Tocantins,170016579,217.28831565,Mulher,65,300
Tocantins,170016860,285.97346931,Homem,21,998
Tocantins,170016860,285.97346931,Mulher,19,400
Tocantins,170016860,265.54114746,Mulher,33,998
Tocantins,170016860,265.54114746,Homem,27,998
Tocantins,170016860,186.75820912,Mulher,50,3000
Tocantins,170016860,294.09371803,Homem,24,800
Tocantins,170016860,294.09371803,Mulher,21,420
Tocantins,170016860,288.82192278,Mulher,21,950
Tocantins,170016860,249.14422748,Mulher,46,998
Tocantins,170016860,249.14422748,Homem,36,998
Tocantins,170016860,231.8325701,Mulher,42,4000
Tocantins,170016860,231.8325701,Homem,45,2500
Tocantins,170016860,231.8325701,Mulher,18,1000
Tocantins,170016860,179.70142054,Mulher,38,500
Tocantins,170016860,252.36527782,Mulher,42,1497
Tocantins,170016860,252.36527782,Homem,22,1500
Tocantins,170016860,218.55624017,Mulher,46,6000
Tocantins,170016860,218.55624017,Homem,44,6000
Tocantins,170017837,299.44025363,Homem,23,900
Tocantins,170017837,271.89384097,Homem,70,300
Tocantins,170017837,329.0202685,Homem,36,1200
Tocantins,170017837,329.0202685,Mulher,33,600
Tocantins,170017837,308.22398186,Homem,35,500
Tocantins,170017837,344.26688258,Mulher,23,2500
Tocantins,170017837,310.42817427,Mulher,37,998
Tocantins,170017837,258.2113918,Homem,52,650
Tocantins,170017837,263.29351235,Homem,38,2000
Tocantins,170017837,263.29351235,Mulher,50,2000
Tocantins,170017837,308.18946586,Homem,32,12000
Tocantins,170018394,247.73203228,Homem,61,150
Tocantins,170018394,271.22616065,Mulher,44,1500
Tocantins,170018394,271.22616065,Homem,43,900
Tocantins,170018394,264.81700612,Homem,59,998
Tocantins,170018394,264.81700612,Mulher,32,998
Tocantins,170018394,283.51485785,Homem,37,350
Tocantins,170018394,283.51485785,Mulher,28,998
Tocantins,170018394,303.86291503,Mulher,27,998
Tocantins,170018394,259.43726391,Homem,40,3500
Tocantins,170018394,186.34873525,Mulher,50,3000
Tocantins,170018394,266.64118603,Mulher,35,400
Tocantins,170018394,266.64118603,Homem,41,1000
Tocantins,170018394,278.9875478,Homem,48,998
Tocantins,170018974,198.52020301,Homem,42,998
Tocantins,170018974,211.28032935,Homem,22,1200
Tocantins,170018974,191.79408799,Homem,24,500
Tocantins,170018974,206.92938512999999,Mulher,37,998
Tocantins,170018974,206.92938512999999,Homem,35,500
Tocantins,170018974,196.60343551,Homem,42,1000
Tocantins,170018974,151.2720561,Homem,53,150
Tocantins,170018974,151.2720561,Mulher,54,2000
Tocantins,170018974,198.63834193,Mulher,37,1800
Tocantins,170018974,241.70940136,Homem,30,400
Tocantins,170018974,186.78214488,Homem,45,5000
Tocantins,170025234,254.92580434,Homem,47,998
Tocantins,170025234,254.92580434,Homem,20,450
Tocantins,170025234,215.67550701,Homem,51,5500
Tocantins,170025234,229.78657746,Mulher,40,1200
Tocantins,170025234,261.84697623,Homem,34,2000
Tocantins,170025234,211.65677057,Mulher,45,918
Tocantins,170025234,264.10490199,Homem,59,998
Tocantins,170025234,264.10490199,Mulher,53,998
Tocantins,170025234,264.10490199,Homem,29,998
Tocantins,170025234,264.10490199,Homem,25,998
Tocantins,170025234,226.11866765,Homem,57,500
Tocantins,170026367,298.53944048,Homem,47,2100
Tocantins,170026367,298.53944048,Mulher,40,1000
Tocantins,170026367,256.78208481,Mulher,44,150
Tocantins,170026367,350.30664005,Homem,27,1200
Tocantins,170026367,304.10111935,Homem,36,2500
Tocantins,170026367,294.31449588,Homem,52,700
Tocantins,170026367,294.31449588,Mulher,45,200
Tocantins,170026367,294.31449588,Homem,24,800
Tocantins,170026367,286.64545055,Homem,37,400
Tocantins,170026367,340.15623577,Homem,39,3000
Tocantins,170026367,326.00083012,Homem,45,998
Tocantins,170026367,326.00083012,Mulher,41,998
Tocantins,170026367,326.00083012,Homem,21,280
Tocantins,170026367,317.15589637,Mulher,38,2000
Tocantins,170026367,317.15589637,Homem,34,1000
Tocantins,170026367,317.15589637,Mulher,19,1000
Tocantins,170026367,317.15589637,Mulher,18,998
Tocantins,170026367,241.69939917,Mulher,86,10
Tocantins,170026367,283.18912951,Homem,44,1800
Tocantins,170026367,283.18912951,Mulher,40,700
Tocantins,170026720,156.95973909,Homem,47,700
Tocantins,170026720,156.95973909,Homem,32,400
Tocantins,170026720,156.95973909,Homem,31,800
Tocantins,170026720,146.98036152,Mulher,38,1200
Tocantins,170026720,146.98036152,Mulher,22,600
Tocantins,170026720,116.1054145,Homem,53,1700
Tocantins,170026720,154.07534003,Homem,46,600
Tocantins,170026720,154.07534003,Homem,20,998
Tocantins,170026720,151.38352614,Homem,47,900
Tocantins,170026720,151.38352614,Homem,18,200
Tocantins,170026720,160.41676085,Mulher,27,150
Tocantins,170026720,160.41676085,Homem,22,998
Tocantins,170026720,160.41676085,Homem,37,998
Tocantins,170026720,149.08755421,Homem,46,1000
Tocantins,170026720,149.08755421,Mulher,24,500
Tocantins,170026758,73.0023988,Homem,66,2000
Tocantins,170026758,73.0023988,Mulher,61,1200
Tocantins,170026758,101.64381187,Mulher,32,300
Tocantins,170026758,101.64381187,Homem,39,7000
Tocantins,170026758,90.70691875,Homem,22,1000
Tocantins,170026758,89.48289285,Mulher,72,150
Tocantins,170026758,87.98970451,Mulher,53,2300
Tocantins,170026758,87.98970451,Homem,55,4000
Tocantins,170026758,87.98970451,Homem,28,2000
Tocantins,170026758,86.07403611,Homem,48,5000
Tocantins,170026758,97.50380665,Homem,26,1060
Tocantins,170026758,97.50380665,Homem,19,1000
Tocantins,170026758,91.57878257,Homem,42,15000
Tocantins,170026758,91.57878257,Homem,19,500
Tocantins,170026858,170.98697524,Mulher,31,998
Tocantins,170026858,191.76875102,Homem,23,998
Tocantins,170026858,191.76875102,Mulher,20,300
Tocantins,170026858,124.36621851,Mulher,41,150
Tocantins,170026858,156.51190969,Mulher,48,2830
Tocantins,170026858,156.51190969,Homem,18,998
Tocantins,170026858,163.11896978,Homem,49,3000
Tocantins,170026858,163.11896978,Homem,23,1600
Tocantins,170026858,193.65161877,Homem,29,1500
Tocantins,170026858,146.75947568,Mulher,35,300
Tocantins,170026858,134.59148246,Homem,53,1600
Tocantins,170026858,130.01701717,Homem,71,200
Tocantins,170027217,349.79156933,Mulher,27,998
Tocantins,170027217,370.18630619,Mulher,44,300
Tocantins,170027217,370.18630619,Homem,42,1000
Tocantins,170027217,449.12171863,Mulher,41,1100
Tocantins,170027217,449.12171863,Homem,37,700
Tocantins,170027217,449.12171863,Homem,24,300
Tocantins,170027217,424.52559959,Homem,48,2500
Tocantins,170027217,424.52559959,Mulher,42,2700
Tocantins,170027217,424.52559959,Homem,22,998
Tocantins,170027217,356.78192424,Homem,72,1000
Tocantins,170027217,447.05632299,Homem,26,1600
Tocantins,170027217,477.2223748,Homem,39,2000
Tocantins,170027217,477.2223748,Homem,19,1100
Tocantins,170027217,420.32700565,Mulher,37,200
Tocantins,170027217,420.32700565,Homem,37,2000
Tocantins,170027217,486.15037271,Homem,32,998
Tocantins,170027217,493.7472402,Homem,34,2500
Tocantins,170028848,327.03023572,Homem,30,1500
Tocantins,170028848,266.94971419,Homem,39,998
Tocantins,170028848,329.64512722,Homem,29,998
Tocantins,170028848,329.64512722,Mulher,28,2000
Tocantins,170028848,272.51654573,Homem,41,1200
Tocantins,170028848,317.07383668,Homem,29,998
Tocantins,170028848,317.07383668,Mulher,34,998
Tocantins,170028848,314.93110184,Homem,38,1500
Tocantins,170028848,314.93110184,Mulher,29,600
Tocantins,170028848,254.77656282,Homem,37,1500
Tocantins,170028848,254.77656282,Mulher,35,1200
Tocantins,170028848,323.28545899,Homem,31,1720
Tocantins,170028848,323.28545899,Mulher,26,954
Tocantins,170029938,199.87421949,Mulher,63,4500
Tocantins,170029938,250.44292575,Homem,36,900
Tocantins,170029938,289.41157553,Homem,36,1700
Tocantins,170029938,289.41157553,Mulher,32,250
Tocantins,170029938,237.01963061,Homem,72,400
Tocantins,170029938,273.79200313,Mulher,42,998
Tocantins,170029938,273.79200313,Homem,22,800
Tocantins,170029938,264.69589399,Mulher,60,998
Tocantins,170029938,264.69589399,Homem,31,1200
Tocantins,170029938,264.69589399,Mulher,26,700
Tocantins,170029938,241.57512594,Homem,50,4000
Tocantins,170029938,216.67018799,Mulher,77,150
Tocantins,170029938,211.17204875,Mulher,38,3500
Tocantins,170030079,128.56209669,Homem,52,3000
Tocantins,170030079,128.56209669,Homem,27,1400
Tocantins,170030079,134.44474877,Mulher,52,2500
Tocantins,170030079,134.44474877,Homem,60,1600
Tocantins,170030079,134.44474877,Homem,29,1500
Tocantins,170030079,116.23555522,Homem,31,200
Tocantins,170030079,144.52586994,Homem,36,2000
Tocantins,170030079,144.52586994,Mulher,28,1000
Tocantins,170030079,134.9438442,Mulher,42,1250
Tocantins,170030079,134.9438442,Homem,45,998
Tocantins,170030079,141.86030473,Mulher,37,998
Tocantins,170030079,141.86030473,Homem,48,2900
Tocantins,170030079,141.86030473,Homem,20,900
Tocantins,170030079,141.86030473,Homem,18,998
Tocantins,170030079,116.78598371,Mulher,60,998
Tocantins,170030079,116.78598371,Mulher,26,998
Tocantins,170030647,160.89190835,Homem,60,998
Tocantins,170030647,160.89190835,Mulher,55,2500
Tocantins,170030647,226.42059117,Mulher,29,1127
Tocantins,170030647,219.53505372,Homem,39,4000
Tocantins,170030647,219.53505372,Mulher,34,4500
Tocantins,170030647,194.25864533,Homem,44,2500
Tocantins,170030647,194.25864533,Mulher,36,1500
Tocantins,170030647,200.67396195,Homem,36,1400
Tocantins,170030647,200.67396195,Mulher,37,1600
Tocantins,170030647,228.02609536,Homem,43,2000
Tocantins,170030647,228.02609536,Mulher,29,2500
Tocantins,170030647,195.90784135,Mulher,26,1200
Tocantins,170030647,195.90784135,Mulher,27,1500
Tocantins,170030647,143.47414707,Mulher,61,4600
Tocantins,170030647,209.31022418,Homem,33,2300
Tocantins,170030647,209.31022418,Mulher,34,360
Tocantins,170030647,208.70208442,Homem,37,3000
Tocantins,170030647,208.70208442,Mulher,30,998
Tocantins,170030647,208.70208442,Homem,39,4000
Tocantins,170030647,255.94303668,Homem,31,3000
Tocantins,170030647,237.29160776,Homem,29,1470
Tocantins,170030647,237.29160776,Mulher,27,1200
Tocantins,170030811,265.58221013,Homem,35,998
Tocantins,170030811,265.58221013,Mulher,32,998
Tocantins,170030811,254.51843175,Homem,60,600
Tocantins,170030811,254.51843175,Mulher,50,600
Tocantins,170030811,254.51843175,Mulher,31,200
Tocantins,170030811,254.51843175,Homem,26,1000
Tocantins,170030811,265.02395637,Homem,49,4500
Tocantins,170030811,264.15173162,Homem,36,998
Tocantins,170030811,283.43699717,Mulher,27,1200
Tocantins,170030811,248.53105378,Mulher,39,1500
Tocantins,170030811,248.53105378,Homem,34,1200
Tocantins,170030811,271.72177818,Homem,40,1100
Tocantins,170030811,253.76879073,Homem,18,100
Tocantins,170030811,259.66529332,Homem,36,998
Tocantins,170030811,257.14604132,Mulher,32,600
Tocantins,170030940,147.08780635,Mulher,36,400
Tocantins,170030940,204.71402673,Mulher,47,998
Tocantins,170030940,204.71402673,Mulher,21,998
Tocantins,170030940,204.71402673,Mulher,20,998
Tocantins,170030940,204.71402673,Homem,22,998
Tocantins,170030940,237.187689,Homem,27,1500
Tocantins,170030940,197.51403153,Homem,31,2000
Tocantins,170030940,155.25318242,Mulher,39,1800
Tocantins,170030940,155.25318242,Homem,54,1800
Tocantins,170030940,209.7152627,Homem,37,1000
Tocantins,170030940,234.22781062,Mulher,24,400
Tocantins,170030940,234.22781062,Homem,30,998
Tocantins,170030940,210.68337519,Homem,34,160
Tocantins,170030940,178.35435077,Homem,49,2500
Tocantins,170030940,178.35435077,Mulher,46,1500
Tocantins,170030940,178.35435077,Mulher,25,1000
Tocantins,170030940,168.37540394,Mulher,50,2500
Tocantins,170030940,168.37540394,Homem,59,1500
Tocantins,170031050,167.59988279,Homem,51,3000
Tocantins,170031050,167.59988279,Mulher,46,4000
Tocantins,170031050,164.74354519,Mulher,47,300
Tocantins,170031050,159.50804821,Homem,57,1700
Tocantins,170031050,137.04868354,Mulher,59,1500
Tocantins,170031050,170.1599975,Homem,40,8000
Tocantins,170031050,170.1599975,Mulher,38,2500
Tocantins,170031050,154.34717372,Homem,49,2500
Tocantins,170031050,154.34717372,Mulher,46,3500
Tocantins,170031050,175.54393109,Homem,64,998
Tocantins,170031050,175.54393109,Homem,31,1500
Tocantins,170031050,175.54393109,Mulher,27,3000
Tocantins,170031050,181.8700436,Homem,34,2300
Tocantins,170031050,181.8700436,Mulher,30,800
Tocantins,170031050,158.15362612,Homem,63,1500
Tocantins,170031050,158.15362612,Mulher,56,700
Tocantins,170031050,158.15362612,Homem,34,1200
Tocantins,170031050,161.59484591,Mulher,49,5000
Tocantins,170031050,161.59484591,Mulher,23,998
Tocantins,170031050,154.52218278,Mulher,52,6500
Tocantins,170031050,154.52218278,Homem,56,8000
Tocantins,170031050,154.07503451,Homem,39,998
Tocantins,170001805,214.72158201,Homem,38,1300
Tocantins,170001805,224.90212531,Homem,23,998
Tocantins,170001805,232.79055944,Mulher,36,2800
Tocantins,170001805,232.79055944,Homem,36,3000
Tocantins,170001805,183.78335985,Mulher,43,2500
Tocantins,170001805,183.78335985,Homem,54,7000
Tocantins,170001805,212.75103554,Mulher,37,960
Tocantins,170001805,212.75103554,Homem,47,960
Tocantins,170001805,232.54368324,Homem,40,1100
Tocantins,170001805,201.3908159,Mulher,41,280
Tocantins,170001805,201.3908159,Homem,57,1368
Tocantins,170006271,120.83456373,Homem,58,1000
Tocantins,170006271,120.83456373,Mulher,43,1022
Tocantins,170006271,121.58648818,Homem,37,500
Tocantins,170006271,121.58648818,Homem,19,200
Tocantins,170006271,111.84424709,Homem,58,998
Tocantins,170006271,111.84424709,Mulher,25,998
Tocantins,170006271,111.66655448,Mulher,37,998
Tocantins,170006271,104.95168013,Homem,18,600
Tocantins,170006271,118.46365209,Homem,19,998
Tocantins,170006271,123.59661335,Homem,36,1000
Tocantins,170006271,123.59661335,Mulher,36,998
Tocantins,170006271,142.92718907,Homem,32,1200
Tocantins,170006271,106.86339819,Homem,79,170
Tocantins,170006271,106.86339819,Mulher,27,1700
Tocantins,170007070,149.05410958,Homem,40,800
Tocantins,170007070,149.05410958,Mulher,39,800
Tocantins,170007070,112.78954146,Mulher,71,100
Tocantins,170007070,132.59945594,Homem,37,800
Tocantins,170007070,152.75240972,Homem,33,3200
Tocantins,170007070,152.75240972,Mulher,37,3000
Tocantins,170007070,136.60253009,Mulher,36,998
Tocantins,170007070,137.99838005,Homem,52,3400
Tocantins,170007070,137.99838005,Mulher,49,998
Tocantins,170007070,137.99838005,Homem,27,1400
Tocantins,170007070,116.43895975,Homem,63,1500
Tocantins,170007070,116.43895975,Mulher,34,1500
Tocantins,170007070,130.08945467,Mulher,41,998
Tocantins,170007070,128.66024413,Homem,39,1500
Tocantins,170007070,122.86864597,Homem,56,50
Tocantins,170007070,146.19488316,Homem,32,1000
Tocantins,170007070,146.19488316,Mulher,44,998
Tocantins,170007070,136.98754883,Homem,50,998
Tocantins,170010780,202.14816072,Mulher,39,5000
Tocantins,170010780,154.03234945,Homem,73,350
Tocantins,170010780,190.28059753,Homem,33,998
Tocantins,170010780,190.28059753,Homem,30,650
Tocantins,170010780,203.1055824,Homem,22,600
Tocantins,170010780,203.1055824,Homem,28,600
Tocantins,170010780,203.1055824,Mulher,24,1000
Tocantins,170010780,198.43760944,Homem,35,3000
Tocantins,170010780,198.43760944,Mulher,33,1000
Tocantins,170010780,167.95838273,Mulher,55,2000
Tocantins,170010780,181.39428888,Mulher,44,1174
Tocantins,170010780,181.39428888,Homem,53,2300
Tocantins,170010780,203.20374982,Homem,43,2500
Tocantins,170011073,103.53826674,Mulher,56,3000
Tocantins,170011073,103.53826674,Homem,51,900
Tocantins,170011073,110.61318386,Homem,41,998
Tocantins,170011073,108.15699032,Mulher,45,1210
Tocantins,170011073,108.15699032,Mulher,23,1300
Tocantins,170011073,111.04990563,Homem,52,1300
Tocantins,170011073,111.04990563,Homem,21,998
Tocantins,170011073,111.04990563,Homem,25,998
Tocantins,170011073,112.56934428,Homem,37,1000
Tocantins,170011073,117.83200867,Mulher,25,200
Tocantins,170011073,117.2659044,Mulher,31,1000
Tocantins,170011073,117.2659044,Homem,36,1000
Tocantins,170011073,101.12387296,Mulher,62,3000
Tocantins,170011073,101.12387296,Homem,45,3000
Tocantins,170011073,101.12387296,Mulher,41,998
Tocantins,170011073,84.5184082,Mulher,55,998
Tocantins,170011073,84.5184082,Homem,50,800
Tocantins,170012268,323.77442824,Mulher,23,200
Tocantins,170012268,323.77442824,Homem,25,720
Tocantins,170012268,299.8937016,Mulher,24,1500
Tocantins,170012268,299.8937016,Homem,21,998
Tocantins,170012268,222.32269951,Mulher,51,1397
Tocantins,170012268,222.32269951,Mulher,30,998
Tocantins,170012268,294.87100345,Homem,33,2000
Tocantins,170012268,304.27379816,Homem,37,998
Tocantins,170012268,245.93903242,Homem,42,1000
Tocantins,170012268,245.93903242,Mulher,37,2000
Tocantins,170012268,245.93903242,Mulher,19,700
Tocantins,170012268,235.39649831,Mulher,49,1200
Tocantins,170012268,253.76818533,Mulher,40,998
Tocantins,170012268,253.76818533,Homem,46,998
Tocantins,170012268,266.1970646,Homem,20,1100
Tocantins,170012268,287.92205843,Mulher,30,1600
Tocantins,170012268,287.92205843,Homem,30,1990
Tocantins,170012268,234.95866467,Homem,34,1000
Tocantins,170012620,337.70813281,Homem,17,500
Tocantins,170012620,396.28143256,Mulher,30,1300
Tocantins,170012620,396.28143256,Homem,35,1000
Tocantins,170012620,426.41864985,Homem,31,1000
Tocantins,170012620,348.99510901,Homem,46,6000
Tocantins,170012620,328.40940507,Homem,46,1300
Tocantins,170012620,328.40940507,Mulher,48,1000
Tocantins,170012620,285.33213426,Homem,57,1000
Tocantins,170012620,285.33213426,Mulher,54,998
Tocantins,170012620,285.81817416,Mulher,55,500
Tocantins,170016750,283.20236207,Mulher,34,250
Tocantins,170016750,220.50041214,Homem,58,3000
Tocantins,170016750,265.6587453,Mulher,41,998
Tocantins,170016750,265.6587453,Homem,32,500
Tocantins,170016750,265.6587453,Homem,17,998
Tocantins,170016750,218.68312944,Homem,54,998
Tocantins,170016750,300.9190129,Homem,24,1498
Tocantins,170016750,300.9190129,Mulher,31,1230
Tocantins,170016750,219.66309857,Homem,53,800
Tocantins,170016750,242.90937091,Mulher,54,150
Tocantins,170016750,281.26228612,Homem,37,998
Tocantins,170016750,281.26228612,Mulher,19,150
Tocantins,170016750,302.58143194,Homem,19,120
Tocantins,170016750,261.68256576,Mulher,45,998
Tocantins,170017158,296.00950064,Mulher,54,300
Tocantins,170017158,296.00950064,Homem,46,200
Tocantins,170017158,253.01761383,Mulher,57,998
Tocantins,170017158,320.44117886,Homem,55,2500
Tocantins,170017158,320.44117886,Homem,22,700
Tocantins,170017158,320.44117886,Homem,19,998
Tocantins,170017158,320.44117886,Homem,18,700
Tocantins,170017158,367.42778789,Mulher,41,1500
Tocantins,170017158,367.42778789,Mulher,23,1050
Tocantins,170017158,335.09382452,Homem,49,1200
Tocantins,170017158,249.26335632,Homem,56,1500
Tocantins,170017158,249.26335632,Mulher,53,300
Tocantins,170017158,277.69759168,Mulher,50,350
Tocantins,170017158,317.22073229,Homem,61,80
Tocantins,170017158,317.22073229,Homem,36,1200
Tocantins,170017158,317.22073229,Mulher,32,400
Tocantins,170017158,317.22073229,Mulher,20,400
Tocantins,170017158,318.53100763,Homem,56,600
Tocantins,170017158,318.53100763,Mulher,41,400
Tocantins,170017158,318.53100763,Homem,23,998
Tocantins,170017158,318.53100763,Mulher,19,998
Tocantins,170017158,305.856476,Homem,40,3000
Tocantins,170017158,340.4478733,Mulher,37,998
Tocantins,170017695,166.73531197,Mulher,51,100
Tocantins,170017695,166.73531197,Homem,31,200
Tocantins,170017695,132.80448893,Homem,52,800
Tocantins,170017695,149.64815991,Mulher,67,400
Tocantins,170017695,149.64815991,Homem,69,100
Tocantins,170017695,215.56814607,Mulher,21,600
Tocantins,170017695,215.56814607,Homem,24,300
Tocantins,170017695,195.19375597,Mulher,29,120
Tocantins,170017695,195.19375597,Homem,35,2200
Tocantins,170017695,132.32101011,Mulher,63,80
Tocantins,170017695,156.78223912,Homem,61,1200
Tocantins,170017695,156.78223912,Mulher,33,998
Tocantins,170017695,224.34248021,Homem,24,3000
Tocantins,170017695,126.33283192,Mulher,45,400
Tocantins,170017695,165.56049412,Homem,18,200
Tocantins,170017695,165.56049412,Homem,15,10
Tocantins,170017695,166.14013714,Homem,52,1800
Tocantins,170017695,166.14013714,Mulher,42,1800
Tocantins,170017695,166.14013714,Mulher,19,400
Tocantins,170018541,228.88309193,Homem,63,500
Tocantins,170018541,298.42829902,Homem,24,500
Tocantins,170018541,282.73455543,Mulher,33,300
Tocantins,170018541,282.73455543,Homem,40,240
Tocantins,170018541,262.43605712,Mulher,41,3300
Tocantins,170018541,262.43605712,Homem,43,2800
Tocantins,170018541,237.60397016,Mulher,45,250
Tocantins,170018541,237.60397016,Mulher,19,120
Tocantins,170018541,289.93251122,Homem,31,998
Tocantins,170018541,250.62285952,Homem,57,998
Tocantins,170018541,271.11686251,Homem,36,998
Tocantins,170018541,256.41923202,Homem,54,300
Tocantins,170018850,242.67723788,Homem,39,700
Tocantins,170018850,242.67723788,Mulher,30,350
Tocantins,170018850,188.8997977,Homem,77,200
Tocantins,170018850,227.93119584,Homem,43,150
Tocantins,170018850,198.30635474,Homem,72,30
Tocantins,170018850,234.41278341,Mulher,36,998
Tocantins,170018850,234.41278341,Homem,38,1850
Tocantins,170018850,234.41278341,Homem,21,998
Tocantins,170018850,194.41868646,Mulher,35,1300
Tocantins,170019076,158.5765089,Homem,59,700
Tocantins,170019076,163.33275697,Homem,62,1000
Tocantins,170019076,203.15888726,Mulher,34,1000
Tocantins,170019076,203.15888726,Homem,34,1300
Tocantins,170019076,187.66113081,Homem,36,1000
Tocantins,170019076,187.66113081,Mulher,33,550
Tocantins,170019076,181.8646324,Homem,52,400
Tocantins,170019076,181.8646324,Mulher,34,200
Tocantins,170019076,181.8646324,Homem,16,120
Tocantins,170019076,238.92968259,Homem,20,1000
Tocantins,170019076,195.27684572,Homem,44,2000
Tocantins,170019076,218.14483507,Homem,44,998
Tocantins,170019076,218.14483507,Mulher,22,600
Tocantins,170019076,197.08637775,Homem,48,150
Tocantins,170019076,176.43467364,Mulher,34,2006
Tocantins,170019995,422.51028298,Homem,30,3000
Tocantins,170019995,421.01039514,Mulher,41,500
Tocantins,170019995,405.27389142,Homem,62,1300
Tocantins,170019995,405.27389142,Homem,45,1000
Tocantins,170019995,405.27389142,Mulher,25,1000
Tocantins,170019995,370.28361502,Mulher,42,3000
Tocantins,170019995,424.20443682,Homem,47,1350
Tocantins,170019995,389.86627665,Mulher,51,3000
Tocantins,170019995,389.86627665,Homem,49,1000
Tocantins,170019995,389.86627665,Homem,48,1000
Tocantins,170019995,399.76865425,Mulher,54,2000
Tocantins,170019995,399.76865425,Homem,55,2000
Tocantins,170019995,399.76865425,Homem,21,2000
Tocantins,170019995,439.63330605,Homem,28,100
Tocantins,170019995,445.70755132,Homem,48,1000
Tocantins,170019995,445.70755132,Homem,23,2000
Tocantins,170019995,506.58133182,Homem,29,1500
Tocantins,170019995,506.58133182,Mulher,29,1500
Tocantins,170019995,426.89972541,Mulher,50,1100
Tocantins,170019995,466.06271452,Homem,33,2000
Tocantins,170026585,56.7247818,Mulher,24,1500
Tocantins,170026585,50.06402861,Mulher,28,600
Tocantins,170026585,54.42321697,Homem,33,1100
Tocantins,170026585,48.81340562,Mulher,55,150
Tocantins,170026585,48.81340562,Homem,49,200
Tocantins,170026585,48.81340562,Mulher,30,500
Tocantins,170026585,48.81340562,Mulher,15,50
Tocantins,170026585,52.86097124,Homem,41,500
Tocantins,170026585,58.48762293,Homem,35,9680
Tocantins,170026585,58.48762293,Mulher,22,600
Tocantins,170026585,44.35261011,Mulher,37,200
Tocantins,170026585,40.1094691,Mulher,69,1000
Tocantins,170026585,40.1094691,Mulher,38,998
Tocantins,170026585,40.1094691,Homem,45,998
Tocantins,170026585,49.11585244,Homem,50,3600
Tocantins,170026585,49.11585244,Mulher,46,4500
Tocantins,170026585,48.69001688,Homem,54,600
Tocantins,170026585,48.69001688,Homem,19,1000
Tocantins,170026585,48.69001688,Mulher,33,990
Tocantins,170027807,245.02133496,Mulher,24,500
Tocantins,170027807,245.02133496,Homem,32,998
Tocantins,170027807,263.91814411,Mulher,24,500
Tocantins,170027807,263.91814411,Homem,27,1000
Tocantins,170027807,210.26435259,Homem,55,1500
Tocantins,170027807,210.26435259,Mulher,42,1500
Tocantins,170027807,205.30356226,Mulher,44,2000
Tocantins,170027807,205.30356226,Homem,48,998
Tocantins,170027807,203.70017249,Mulher,41,3500
Tocantins,170027807,203.70017249,Homem,46,4000
Tocantins,170027807,157.18174962,Mulher,37,2300
Tocantins,170027807,266.64317804,Homem,21,1200
Tocantins,170027807,211.82570628,Mulher,27,2900
Tocantins,170027807,211.82570628,Homem,33,998
Tocantins,170027807,250.69633068,Mulher,18,900
Tocantins,170027807,205.62893233,Mulher,37,1240
Tocantins,170027807,205.62893233,Homem,47,2000
Tocantins,170031013,187.37457873,Mulher,18,1000
Tocantins,170031013,187.37457873,Homem,21,1300
Tocantins,170031013,162.30299056,Homem,43,2000
Tocantins,170031013,162.30299056,Mulher,43,998
Tocantins,170031013,162.30299056,Homem,23,400
Tocantins,170031013,161.66700709,Mulher,34,300
Tocantins,170031013,161.66700709,Homem,35,500
Tocantins,170031013,140.61631133,Homem,52,1500
Tocantins,170031013,146.25396554,Mulher,53,998
Tocantins,170031013,146.25396554,Homem,47,1996
Tocantins,170031013,146.25396554,Homem,35,700
Tocantins,170031013,183.40233221,Mulher,24,998
Tocantins,170031013,183.40233221,Homem,41,1996
Tocantins,170031013,186.15487533,Mulher,21,998
Tocantins,170031013,186.15487533,Homem,33,800
Tocantins,170031013,136.5782208,Mulher,50,200
Tocantins,170000279,136.66928629,Mulher,37,998
Tocantins,170000279,136.66928629,Homem,37,998
Tocantins,170000279,149.19313332,Homem,46,400
Tocantins,170000279,110.2114472,Mulher,56,2400
Tocantins,170000279,158.55779891,Mulher,41,400
Tocantins,170000279,158.55779891,Homem,36,400
Tocantins,170000279,136.21432509,Mulher,45,200
Tocantins,170000279,136.21432509,Homem,39,200
Tocantins,170000279,163.19152857,Homem,35,400
Tocantins,170000279,129.8574438,Mulher,34,2000
Tocantins,170000279,155.10797381,Homem,46,2400
Tocantins,170000279,140.43048418,Mulher,44,998
Tocantins,170000279,155.95266675,Homem,36,998
Tocantins,170000425,63.12328445,Homem,52,1500
Tocantins,170000425,82.12291891,Homem,44,1500
Tocantins,170000425,99.93366101,Homem,26,998
Tocantins,170000425,79.06427745,Homem,58,400
Tocantins,170000425,81.31370944,Homem,47,700
Tocantins,170000425,69.61786315,Homem,49,700
Tocantins,170000425,92.19009833,Homem,20,500
Tocantins,170000425,71.77694827,Homem,35,500
Tocantins,170000425,74.27729907,Homem,45,3300
Tocantins,170000425,79.64032344,Homem,54,998
Tocantins,170000425,79.64032344,Homem,27,1000
Tocantins,170000425,69.58336648,Homem,61,12000
Tocantins,170000517,163.81314632,Homem,38,200
Tocantins,170000517,136.3748835,Homem,57,250
Tocantins,170000517,158.66135683,Homem,48,200
Tocantins,170000517,158.66135683,Homem,24,200
Tocantins,170000517,135.25794771,Homem,57,1000
Tocantins,170000517,129.06591408,Homem,75,600
Tocantins,170000517,144.46453028,Homem,55,1000
Tocantins,170000517,144.46453028,Homem,20,120
Tocantins,170000517,118.04686658,Homem,84,350
Tocantins,170000517,139.36796352,Homem,51,1000
Tocantins,170000517,147.26552102,Homem,53,250
Tocantins,170000517,131.64444923,Homem,63,200
Tocantins,170000517,135.5980643,Homem,73,200
Tocantins,170000517,135.5980643,Mulher,66,350
Tocantins,170000562,105.30328662,Homem,36,1250
Tocantins,170000562,77.48227856,Homem,80,550
Tocantins,170000562,84.38554566,Homem,65,200
Tocantins,170000562,106.96718927,Homem,33,350
Tocantins,170000562,94.2898176,Mulher,39,300
Tocantins,170000562,112.3816785,Homem,35,998
Tocantins,170000562,76.10126744,Homem,64,600
Tocantins,170000562,102.00521825,Mulher,37,2500
Tocantins,170000562,102.00521825,Homem,39,3000
Tocantins,170000562,102.00521825,Homem,28,998
Tocantins,170000562,116.61293786,Homem,26,998
Tocantins,170000562,109.27702268,Homem,34,400
Tocantins,170000562,114.0241505,Homem,22,1200
Tocantins,170000562,88.75419512,Homem,35,500
Tocantins,170002359,152.48040502,Homem,33,2500
Tocantins,170002359,152.48040502,Mulher,31,500
Tocantins,170002359,138.05539568,Mulher,40,1500
Tocantins,170002359,138.72470063,Homem,45,500
Tocantins,170002359,114.04902967,Homem,51,400
Tocantins,170002359,126.20353444,Homem,45,5000
Tocantins,170002359,114.04902967,Homem,54,500
Tocantins,170002359,114.92015281,Homem,57,2700
Tocantins,170002359,136.75271007,Homem,50,1500
Tocantins,170002359,114.92015281,Homem,58,200
Tocantins,170002359,145.98412278,Mulher,27,300
Tocantins,170002359,145.98412278,Homem,30,1700
Tocantins,170002526,74.05536274,Mulher,67,998
Tocantins,170002526,82.66737258,Homem,44,500
Tocantins,170002526,88.00390353,Mulher,36,998
Tocantins,170002526,112.54468211,Homem,23,998
Tocantins,170002526,112.54468211,Mulher,24,998
Tocantins,170002526,104.48677261,Mulher,29,400
Tocantins,170002526,105.91167015,Mulher,25,998
Tocantins,170003535,90.5183861,Homem,50,998
Tocantins,170003535,94.74536175,Homem,44,1200
Tocantins,170003535,98.2748539,Homem,37,1000
Tocantins,170003535,98.2748539,Mulher,33,2200
Tocantins,170003535,93.8117753,Homem,46,800
Tocantins,170003535,80.31825604,Homem,47,500
Tocantins,170003535,80.31825604,Mulher,46,2600
Tocantins,170003535,96.51653884,Homem,36,1250
Tocantins,170003535,96.51653884,Homem,16,200
Tocantins,170003535,95.17399231,Homem,33,1000
Tocantins,170003535,95.77734502,Homem,29,1000
Tocantins,170003535,98.42038294,Homem,28,1250
Tocantins,170003535,98.42038294,Mulher,31,600
Tocantins,170003535,80.31825604,Homem,45,550
Tocantins,170003535,80.31825604,Mulher,45,510
Tocantins,170003535,71.31657153,Homem,60,500
Tocantins,170003745,89.68584994,Homem,70,1500
Tocantins,170003745,99.07332734,Homem,26,2500
Tocantins,170003745,84.2736469,Homem,70,250
Tocantins,170003745,104.46008514,Homem,53,1996
Tocantins,170003745,104.46008514,Mulher,23,998
Tocantins,170003745,104.46008514,Homem,27,1996
Tocantins,170003745,75.79575364,Homem,66,2000
Tocantins,170003745,87.50397709,Homem,65,1000
Tocantins,170003745,87.50397709,Homem,33,1000
Tocantins,170003745,84.06372272,Mulher,74,998
Tocantins,170003745,84.06372272,Homem,38,1000
Tocantins,170003745,90.61497175,Homem,46,800
Tocantins,170003745,90.61497175,Homem,19,1200
Tocantins,170003745,93.19671594,Homem,37,1200
Tocantins,170003745,82.89427826,Homem,66,300
Tocantins,170003745,88.95841923,Homem,17,150
Tocantins,170003869,203.92439997,Homem,39,700
Tocantins,170003869,187.703175,Homem,23,998
Tocantins,170003869,246.01566446,Homem,21,998
Tocantins,170003869,211.02607718,Homem,32,1000
Tocantins,170003869,211.02607718,Mulher,27,200
Tocantins,170004374,133.01048833,Homem,21,998
Tocantins,170004374,133.01048833,Homem,18,300
Tocantins,170004374,94.03841816,Homem,51,350
Tocantins,170004374,91.97646399,Homem,68,4000
Tocantins,170004374,137.50950427,Homem,37,1000
Tocantins,170004374,100.590366,Homem,68,650
Tocantins,170004374,92.09002751,Mulher,56,250
Tocantins,170004374,92.09002751,Homem,60,998
Tocantins,170004374,90.88751302,Homem,66,6733
Tocantins,170004374,92.09002751,Homem,61,200
Tocantins,170004374,142.39460685,Homem,33,1400
Tocantins,170004374,95.73257161,Homem,52,650
Tocantins,170004374,125.43686318,Homem,45,450
Tocantins,170004374,125.43686318,Mulher,46,50
Tocantins,170004374,125.43686318,Homem,23,300
Tocantins,170004374,125.43686318,Homem,20,350
Tocantins,170004374,125.43686318,Mulher,17,250
Tocantins,170004374,90.10969398,Homem,59,2000
Tocantins,170004374,136.75183053,Homem,49,250
Tocantins,170004374,136.75183053,Homem,22,250
Tocantins,170004374,136.75183053,Homem,20,220
Tocantins,170005997,114.02642504,Mulher,46,1800
Tocantins,170005997,122.63738597,Homem,33,998
Tocantins,170005997,122.63738597,Mulher,33,998
Tocantins,170005997,127.02959822,Homem,44,998
Tocantins,170005997,119.38214473,Mulher,43,200
Tocantins,170005997,107.08933839,Mulher,54,150
Tocantins,170005997,106.34980516,Homem,55,998
Tocantins,170007366,116.80063121,Homem,22,3000
Tocantins,170007366,81.97258877,Homem,75,240
Tocantins,170007366,86.35007184,Homem,52,600
Tocantins,170007366,86.35007184,Mulher,46,60
Tocantins,170007366,108.24610755,Homem,60,625
Tocantins,170007366,108.24610755,Homem,22,500
Tocantins,170007366,84.56097674,Homem,60,100
Tocantins,170007366,83.1062349,Mulher,73,1700
Tocantins,170007366,93.2767285,Homem,64,700
Tocantins,170007366,93.2767285,Mulher,55,700
Tocantins,170007366,83.45677683,Homem,69,83
Tocantins,170007366,116.50525083,Homem,36,1125
Tocantins,170007366,116.50525083,Homem,16,250
Tocantins,170007366,117.11985327,Homem,33,65
Tocantins,170007366,136.74990941,Homem,25,998
Tocantins,170010651,217.29361619,Homem,44,500
Tocantins,170010651,215.03304751,Homem,47,200
Tocantins,170010651,310.52540532,Homem,22,700
Tocantins,170010651,269.09964052,Homem,41,300
Tocantins,170010651,269.09964052,Mulher,34,400
Tocantins,170011786,178.9409121,Homem,47,1000
Tocantins,170011786,204.05170853,Homem,28,1000
Tocantins,170011786,135.93531494,Mulher,42,200
Tocantins,170011786,162.57253123,Homem,83,600
Tocantins,170012009,131.59985391,Homem,23,800
Tocantins,170012009,98.45531644,Homem,42,2000
Tocantins,170012009,98.45531644,Homem,34,2000
Tocantins,170012009,98.99277684,Homem,56,998
Tocantins,170012009,98.99277684,Homem,22,998
Tocantins,170012009,98.99277684,Homem,19,2000
Tocantins,170012009,105.94939023,Homem,45,800
Tocantins,170012009,90.50856447,Homem,39,998
Tocantins,170012009,111.7197593,Homem,48,2000
Tocantins,170012009,92.3908115,Homem,63,300
Tocantins,170012009,106.52925537,Homem,44,998
Tocantins,170012009,106.52925537,Homem,38,998
Tocantins,170012009,107.96602667,Homem,47,1200
Tocantins,170012009,99.0983387,Mulher,39,4000
Tocantins,170012009,99.0983387,Homem,41,1300
Tocantins,170013610,90.57075229,Homem,44,600
Tocantins,170013610,76.629796,Homem,51,1497
Tocantins,170013610,105.82225566,Mulher,26,998
Tocantins,170013610,105.82225566,Homem,33,1497
Tocantins,170013610,113.95896265,Homem,23,2994
Tocantins,170013610,91.34856929,Homem,34,1500
Tocantins,170013610,99.50088614,Homem,42,998
Tocantins,170013610,118.73626973,Homem,22,1200
Tocantins,170013610,90.99492609,Homem,71,1300
Tocantins,170013610,81.77381387,Homem,55,1100
Tocantins,170013610,90.98509168,Homem,41,1200
Tocantins,170013610,118.73626973,Homem,23,600
Tocantins,170013610,71.90412461,Homem,81,1200
Tocantins,170013610,109.4401242,Homem,33,1800
Tocantins,170013610,109.4401242,Homem,35,1600
Tocantins,170014806,95.40072973,Homem,53,200
Tocantins,170014806,95.40072973,Mulher,48,998
Tocantins,170014806,94.83009541,Homem,58,998
Tocantins,170014806,94.83009541,Mulher,50,3900
Tocantins,170014806,102.33091988,Homem,59,500
Tocantins,170014806,122.89264232,Homem,47,1400
Tocantins,170014806,116.2444915,Homem,40,850
Tocantins,170014806,94.08203607,Homem,70,350
Tocantins,170014806,106.02181814,Homem,57,1200
Tocantins,170014806,120.71377946,Mulher,18,300
Tocantins,170014806,120.71377946,Homem,27,200
Tocantins,170014806,121.27651857,Homem,36,2000
Tocantins,170015930,94.86813126,Mulher,49,2000
Tocantins,170015930,99.8338383,Mulher,44,1300
Tocantins,170015930,99.8338383,Mulher,25,1000
Tocantins,170015930,99.84468372,Mulher,31,1500
Tocantins,170015930,102.1672786,Homem,36,3000
Tocantins,170015930,102.1672786,Mulher,40,1300
Tocantins,170015930,117.80487588,Homem,33,3000
Tocantins,170015930,102.2406413,Mulher,20,250
Tocantins,170015930,87.96398486,Mulher,20,175
Tocantins,170016005,84.07463431,Homem,40,1400
Tocantins,170016005,73.06397689,Homem,55,1000
Tocantins,170016005,73.06397689,Mulher,44,150
Tocantins,170016005,70.51014503,Homem,70,800
Tocantins,170016005,70.51014503,Mulher,67,400
Tocantins,170016005,85.69314795,Homem,50,998
Tocantins,170016005,85.69314795,Homem,28,700
Tocantins,170016005,75.64703306,Homem,41,1200
Tocantins,170016005,90.73168872,Homem,43,4000
Tocantins,170016005,90.73168872,Homem,19,1200
Tocantins,170016005,71.39020568,Homem,76,3000
Tocantins,170016005,86.06233745,Homem,62,5000
Tocantins,170016005,92.0405591,Homem,41,998
Tocantins,170017336,85.7521229,Homem,61,1200
Tocantins,170017336,117.68849632,Homem,56,1500
Tocantins,170017336,112.65036823,Homem,29,1200
Tocantins,170017336,99.0955186,Mulher,50,400
Tocantins,170017336,99.0955186,Homem,16,300
Tocantins,170017336,85.1718557,Homem,72,1500
Tocantins,170017336,133.01945898,Homem,33,300
Tocantins,170019673,70.63375518,Homem,70,1000
Tocantins,170019673,70.63375518,Homem,41,650
Tocantins,170019673,84.26526361,Homem,48,980
Tocantins,170019673,84.25396077,Homem,37,1960
Tocantins,170019673,76.98239874,Homem,52,2000
Tocantins,170019673,76.98239874,Homem,45,998
Tocantins,170019673,77.99099113,Homem,46,1996
Tocantins,170019673,64.18952864,Mulher,50,200
Tocantins,170019673,86.82812763,Homem,45,1200
Tocantins,170019673,65.52114901,Homem,77,333
Tocantins,170019673,89.32767408,Homem,37,1500
Tocantins,170019673,63.43819191,Homem,77,1000
Tocantins,170019673,73.91145437,Mulher,39,1600
Tocantins,170025188,133.16486585,Homem,36,1000
Tocantins,170025188,133.16486585,Mulher,26,1250
Tocantins,170025188,112.38455876,Homem,51,800
Tocantins,170025188,112.38455876,Homem,22,325
Tocantins,170025188,139.67456015,Homem,31,1200
Tocantins,170025188,124.83423248,Homem,40,998
Tocantins,170025188,118.03140491,Homem,41,998
Tocantins,170025188,108.23657842,Homem,52,500
Tocantins,170025188,120.83213158,Homem,41,1200
Tocantins,170025188,120.83213158,Mulher,32,2000
Tocantins,170025188,110.82681093,Homem,63,3000
Tocantins,170025188,125.31450428,Homem,38,1500
Tocantins,170025188,125.31450428,Mulher,42,1058
Tocantins,170025188,113.31546834,Homem,42,2500
Tocantins,170025188,120.66144719,Homem,34,998
Tocantins,170028000,143.12970857,Homem,56,6000
Tocantins,170028000,143.1017938,Homem,69,916
Tocantins,170028000,153.75217001,Homem,47,300
Tocantins,170028000,153.75217001,Mulher,43,50
Tocantins,170028000,153.75217001,Homem,21,300
Tocantins,170028000,128.01769397,Homem,67,1166
Tocantins,170028000,148.55104825,Homem,43,700
Tocantins,170028000,146.890174,Mulher,41,1000
Tocantins,170028000,146.890174,Homem,44,500
Tocantins,170028000,148.85621763,Homem,69,800
Tocantins,170028000,114.67932455,Homem,59,1000
Tocantins,170028000,121.4679958,Homem,65,550
Tocantins,170028000,114.87467137,Homem,51,1200
Tocantins,170028000,140.89110669,Homem,55,300
Tocantins,170028000,140.89110669,Mulher,54,1200
Tocantins,170028000,140.89110669,Homem,31,998
Tocantins,170028000,118.82907275,Homem,64,550
Tocantins,170028000,135.01358778,Homem,69,500
Tocantins,170028000,135.01358778,Homem,46,1300
Tocantins,170028000,126.74502181,Homem,51,2000
Tocantins,170028498,119.36577381,Homem,79,3000
Tocantins,170028498,129.37553553,Homem,45,800
Tocantins,170028498,121.31420316,Homem,46,500
Tocantins,170028498,143.72919385,Homem,38,400
Tocantins,170028498,133.68189071,Homem,32,998
Tocantins,170028498,142.91816774,Homem,58,1200
Tocantins,170028498,112.84282162,Homem,62,500
Tocantins,170028498,145.97107513,Homem,48,500
Tocantins,170028498,152.60419535,Homem,39,700
Tocantins,170029444,137.6690689,Homem,39,700
Tocantins,170029444,137.6690689,Homem,37,700
Tocantins,170029444,120.32442331,Mulher,61,400
Tocantins,170029444,120.32442331,Mulher,41,400
Tocantins,170029444,120.32442331,Homem,31,500
Tocantins,170029444,120.32442331,Homem,18,500
Tocantins,170029444,119.30620099,Mulher,38,350
Tocantins,170029444,119.30620099,Homem,37,450
Tocantins,170029444,124.01283553,Homem,54,200
Tocantins,170029444,127.76717135,Mulher,39,500
Tocantins,170029444,117.03737549,Homem,46,2000
Tocantins,170029444,121.44569948,Homem,48,2120
Tocantins,170029444,121.44569948,Homem,21,1100
Tocantins,170029643,289.93246192,Homem,52,400
Tocantins,170029643,289.93246192,Mulher,43,1500
Tocantins,170029643,303.52848754,Homem,36,2000
Tocantins,170029643,237.12150926,Homem,77,1000
Tocantins,170029643,294.42609225,Homem,43,5000
Tocantins,170029643,295.25463454,Homem,40,3100
Tocantins,170029643,321.85968774,Homem,38,500
Tocantins,170029643,263.2148073,Homem,40,1200
Tocantins,170029643,277.71436257,Homem,46,998
Tocantins,170029643,277.71436257,Mulher,45,998
Tocantins,170031861,89.56100205,Homem,34,1400
Tocantins,170031861,67.20417117,Homem,60,400
Tocantins,170031861,80.11375376,Homem,42,300
Tocantins,170031861,94.87807966,Homem,44,1200
Tocantins,170031861,66.23971542,Homem,52,1200
Tocantins,170031861,66.23971542,Mulher,56,3000
Tocantins,170031861,82.89602736,Homem,30,1000
Tocantins,170031861,82.89602736,Mulher,28,998
Tocantins,170031861,69.78899288,Homem,62,1200
Tocantins,170031861,65.87596683,Homem,53,600
Tocantins,170031861,67.20923225,Homem,63,1500
Tocantins,170031861,75.25001469,Homem,39,500
Tocantins,170031861,89.60910134,Homem,40,1500
Tocantins,170031861,76.3514589,Homem,59,3300
Tocantins,170032059,115.65333177,Homem,22,1000
Tocantins,170032059,95.19437378,Homem,62,150
Tocantins,170032059,88.94853697,Homem,62,1500
Tocantins,170032059,113.32079925,Mulher,48,800
Tocantins,170032059,113.32079925,Homem,28,150
Tocantins,170032059,83.2057019,Homem,59,400
Tocantins,170032059,82.88974211,Homem,52,900
Tocantins,170032059,92.29035377,Homem,55,700
Tocantins,170032059,104.82133382,Mulher,36,200
Tocantins,170032059,104.82133382,Homem,41,1300
Tocantins,170032059,84.10295687,Homem,61,600
Tocantins,170032059,82.84739883,Homem,69,3000
Tocantins,170032059,82.43456161,Homem,51,1100
Tocantins,170032059,83.2057019,Homem,58,300
Tocantins,170032625,156.69024391,Homem,30,550
Tocantins,170032625,114.87900689,Homem,57,7500
Tocantins,170032625,114.87900689,Mulher,60,7500
Tocantins,170032625,145.35270628,Homem,38,1640
Tocantins,170032625,140.58067902,Homem,47,2300
Tocantins,170032625,140.58067902,Homem,37,1000
Tocantins,170032625,188.40014042,Homem,27,1500
Tocantins,170032625,153.77106012,Homem,44,550
Tocantins,170032625,153.77106012,Mulher,21,998
Tocantins,170032625,133.5066678,Homem,50,998
Tocantins,170032625,156.411608,Homem,45,2300
Tocantins,170032625,156.411608,Mulher,34,500
Tocantins,170032625,136.2365858,Homem,30,1000
Tocantins,170032625,145.36348736,Mulher,36,1500
Tocantins,170032625,145.36348736,Homem,36,2000
Tocantins,170032625,133.61171034,Homem,47,1996
Tocantins,170032625,141.22107281,Homem,52,1996
Tocantins,170000214,138.78494093,Mulher,53,1195
Tocantins,170000214,190.63279856,Mulher,52,450
Tocantins,170000214,190.63279856,Homem,55,2500
Tocantins,170000214,190.63279856,Mulher,24,2000
Tocantins,170000214,235.1270082,Homem,32,15000
Tocantins,170000214,235.1270082,Mulher,24,4000
Tocantins,170000214,215.80697167,Homem,52,2000
Tocantins,170000214,215.80697167,Mulher,43,1500
Tocantins,170000214,215.80697167,Mulher,24,998
Tocantins,170000214,161.83582762,Homem,54,1500
Tocantins,170000214,218.62965597,Homem,28,1200
Tocantins,170000214,169.81323282,Mulher,53,1200
Tocantins,170000214,169.81323282,Homem,48,2400
Tocantins,170000214,190.07146512,Mulher,22,500
Tocantins,170000214,190.07146512,Homem,46,4000
Tocantins,170000214,195.59285807,Mulher,46,3000
Tocantins,170000214,195.59285807,Homem,48,4000
Tocantins,170000214,195.59285807,Mulher,28,300
Tocantins,170000214,195.59285807,Mulher,23,10000
Tocantins,170000461,294.86846919,Mulher,38,3900
Tocantins,170000461,281.35731401,Homem,48,1044
Tocantins,170000461,293.88687547,Mulher,46,1500
Tocantins,170000461,293.88687547,Homem,18,998
Tocantins,170000461,326.30436976,Mulher,33,998
Tocantins,170000461,256.98573043,Mulher,37,998
Tocantins,170000461,311.34890501,Homem,40,650
Tocantins,170000461,397.00658641,Homem,34,1360
Tocantins,170000461,306.04373752,Mulher,67,2500
Tocantins,170000590,192.15756331,Homem,27,2000
Tocantins,170000590,143.97716637,Mulher,41,1600
Tocantins,170000590,116.16433231,Mulher,51,2000
Tocantins,170000590,140.51439004,Mulher,29,998
Tocantins,170000590,185.96857525,Homem,28,2000
Tocantins,170000590,185.96857525,Homem,23,998
Tocantins,170000590,129.8386399,Mulher,30,2800
Tocantins,170000590,120.46590296,Mulher,61,998
Tocantins,170000590,120.46590296,Mulher,34,998
Tocantins,170000590,119.38782941,Homem,66,200
Tocantins,170000590,129.48364397,Mulher,69,700
Tocantins,170000590,129.48364397,Homem,32,998
Tocantins,170000590,136.85235233,Homem,71,2500
Tocantins,170000590,136.85235233,Mulher,68,2500
Tocantins,170000590,136.85235233,Homem,25,2000
Tocantins,170000590,136.85235233,Mulher,28,300
Tocantins,170000590,143.77493126,Homem,47,1497
Tocantins,170000755,170.51225697,Homem,51,1295
Tocantins,170000755,170.51225697,Mulher,36,998
Tocantins,170000755,170.51225697,Homem,23,998
Tocantins,170000755,165.41524757,Homem,23,1500
Tocantins,170000755,123.92159275,Mulher,43,1200
Tocantins,170000755,171.8734045,Mulher,43,998
Tocantins,170000755,171.8734045,Homem,46,2000
Tocantins,170000755,171.8734045,Homem,23,998
Tocantins,170000755,158.83156706,Mulher,24,1200
Tocantins,170000755,158.83156706,Homem,56,2000
Tocantins,170000755,158.83156706,Mulher,44,1300
Tocantins,170000755,141.81690195,Mulher,46,1500
Tocantins,170000755,147.55929174,Mulher,25,998
Tocantins,170000755,164.35262181,Mulher,23,998
Tocantins,170000755,172.48416407,Homem,41,998
Tocantins,170000755,172.48416407,Mulher,41,998
Tocantins,170000755,189.22197335,Homem,33,1200
Tocantins,170000755,169.95121218,Mulher,36,2000
Tocantins,170000755,169.95121218,Homem,20,1500
Tocantins,170000755,201.74154611,Homem,33,500
Tocantins,170000755,209.00918235,Homem,27,1500
Tocantins,170000755,163.23113754,Homem,34,1500
Tocantins,170000755,163.23113754,Homem,63,998
Tocantins,170001175,476.41837297,Homem,49,1100
Tocantins,170001175,476.41837297,Mulher,44,1150
Tocantins,170001175,476.41837297,Homem,25,1400
Tocantins,170001175,464.58589963,Homem,53,1100
Tocantins,170001175,464.58589963,Mulher,25,1800
Tocantins,170001175,464.58589963,Homem,30,1300
Tocantins,170001175,449.87358981,Homem,42,2000
Tocantins,170001175,449.87358981,Mulher,41,1500
Tocantins,170001175,449.87358981,Homem,18,1200
Tocantins,170001175,415.48745985,Mulher,27,1400
Tocantins,170001175,463.62918268,Mulher,44,1800
Tocantins,170001175,463.62918268,Homem,50,3000
Tocantins,170001175,469.80115772,Mulher,37,2000
Tocantins,170001175,469.80115772,Homem,47,2500
Tocantins,170001175,433.44057737,Mulher,50,998
Tocantins,170001175,457.06249841,Mulher,44,2000
Tocantins,170001175,457.06249841,Homem,46,3000
Tocantins,170001175,446.77815198,Mulher,35,998
Tocantins,170001175,446.77815198,Homem,43,998
Tocantins,170001175,455.36428567,Homem,54,1300
Tocantins,170001175,455.36428567,Mulher,43,1000
Tocantins,170001175,455.36428567,Homem,25,1000
Tocantins,170001382,260.59710842,Homem,29,1996
Tocantins,170001382,167.79744586,Mulher,63,3000
Tocantins,170001382,167.79744586,Homem,62,3000
Tocantins,170001382,250.93792166,Homem,20,700
Tocantins,170001382,250.93792166,Mulher,17,700
Tocantins,170001382,163.8778484,Homem,57,2000
Tocantins,170001382,212.43380283,Mulher,39,1600
Tocantins,170001382,212.43380283,Homem,38,1500
Tocantins,170001382,163.15755382,Mulher,75,100
Tocantins,170001382,232.61953615,Mulher,32,1300
Tocantins,170001382,232.61953615,Homem,31,1600
Tocantins,170001382,236.22130642,Mulher,37,500
Tocantins,170001382,236.22130642,Homem,23,998
Tocantins,170001382,240.69927602,Homem,35,2500
Tocantins,170002242,184.25620285,Homem,42,10001
Tocantins,170002242,184.25620285,Mulher,40,10000
Tocantins,170002242,148.71634299,Mulher,52,2500
Tocantins,170002242,148.71634299,Homem,59,2500
Tocantins,170002242,177.85491822,Homem,54,998
Tocantins,170002242,177.85491822,Homem,30,2400
Tocantins,170002242,151.98467014,Homem,64,8000
Tocantins,170002242,149.71571811,Mulher,58,4300
Tocantins,170002242,149.71571811,Homem,66,8000
Tocantins,170002242,135.53118451,Mulher,63,8000
Tocantins,170002242,177.6786974,Mulher,51,1500
Tocantins,170002242,177.6786974,Homem,52,6000
Tocantins,170002242,177.68331641,Homem,66,4000
Tocantins,170002242,184.60924515,Homem,48,2500
Tocantins,170002242,184.60924515,Mulher,43,998
Tocantins,170002242,184.60924515,Mulher,19,730
Tocantins,170002242,158.77682129,Homem,73,998
Tocantins,170002242,149.38085447,Mulher,66,1000
Tocantins,170002465,211.67210662,Homem,51,400
Tocantins,170002465,214.68474676,Homem,50,300
Tocantins,170002465,234.79744224,Homem,48,300
Tocantins,170002465,222.12052464,Mulher,36,80
Tocantins,170002465,222.12052464,Homem,32,1100
Tocantins,170002465,299.50470095,Homem,28,998
Tocantins,170002465,261.80340346,Homem,30,2500
Tocantins,170002465,230.20062219,Mulher,40,320
Tocantins,170002465,230.20062219,Homem,39,300
Tocantins,170002465,230.20062219,Mulher,20,550
Tocantins,170004140,455.56330109,Homem,34,1500
Tocantins,170004140,453.95983664,Homem,29,2700
Tocantins,170004140,453.95983664,Mulher,23,1100
Tocantins,170004140,423.46005295,Homem,45,4000
Tocantins,170004140,423.46005295,Mulher,21,2000
Tocantins,170004140,423.46005295,Homem,22,2000
Tocantins,170004140,417.51257697,Homem,20,1100
Tocantins,170004140,443.3976091,Homem,31,4500
Tocantins,170004140,368.19504864,Homem,45,1500
Tocantins,170004140,396.10787649,Homem,21,3000
Tocantins,170004140,504.22221102,Homem,24,1500
Tocantins,170004797,196.86718268,Mulher,43,500
Tocantins,170004797,241.71746759,Homem,40,900
Tocantins,170004797,266.30695007,Homem,42,1200
Tocantins,170004797,266.30695007,Mulher,30,998
Tocantins,170004797,266.30695007,Mulher,17,250
Tocantins,170004797,219.80188082,Homem,51,1800
Tocantins,170004797,219.80188082,Homem,17,500
Tocantins,170004797,231.54411857,Homem,51,2000
Tocantins,170004797,231.54411857,Mulher,48,998
Tocantins,170004797,231.54411857,Homem,14,700
Tocantins,170004797,249.41574744,Homem,40,1500
Tocantins,170004797,249.41574744,Mulher,40,700
Tocantins,170004797,253.43585854,Mulher,56,300
Tocantins,170004797,253.43585854,Homem,56,650
Tocantins,170004797,259.149679,Homem,48,998
Tocantins,170004863,187.75100269,Mulher,46,1100
Tocantins,170004863,187.75100269,Homem,50,1500
Tocantins,170004863,264.11227565,Homem,23,1160
Tocantins,170004863,189.33646936,Mulher,24,998
Tocantins,170004863,227.83579148,Mulher,31,3500
Tocantins,170004863,227.83579148,Homem,36,2500
Tocantins,170004863,188.67929055,Mulher,39,300
Tocantins,170004863,188.67929055,Homem,45,1100
Tocantins,170004863,231.09080282,Homem,39,998
Tocantins,170004863,209.8683893,Homem,42,3000
Tocantins,170004863,172.04016407,Homem,57,1200
Tocantins,170004863,213.07364711,Mulher,34,500
Tocantins,170004863,213.07364711,Homem,46,1200
Tocantins,170004863,248.50008691,Homem,31,1039
Tocantins,170004863,248.50008691,Mulher,28,550
Tocantins,170004863,256.60501197,Homem,31,1250
Tocantins,170006308,221.93896447,Homem,66,2500
Tocantins,170006308,168.57326897,Homem,56,5000
Tocantins,170006308,168.57326897,Mulher,51,4000
Tocantins,170006308,207.22242302,Homem,24,3000
Tocantins,170006308,169.21118297,Mulher,48,2500
Tocantins,170006308,160.26859821,Mulher,55,5000
Tocantins,170006308,179.97704397,Homem,70,998
Tocantins,170006308,189.72712228,Mulher,33,1000
Tocantins,170006308,243.42226166,Homem,33,7000
Tocantins,170006308,197.3573014,Mulher,24,2500
Tocantins,170008484,329.31554033,Homem,62,998
Tocantins,170008484,365.33720252,Homem,43,8000
Tocantins,170008484,365.33720252,Mulher,40,998
Tocantins,170008484,428.19071225,Homem,30,998
Tocantins,170008484,439.82158244,Homem,29,1200
Tocantins,170008484,367.85793981,Homem,39,998
Tocantins,170008484,367.85793981,Mulher,38,500
Tocantins,170008484,329.47880191,Homem,47,500
Tocantins,170008484,363.39341595,Homem,32,1200
Tocantins,170008484,363.39341595,Mulher,50,998
Tocantins,170008484,316.37951871,Homem,50,400
Tocantins,170009866,175.18882686,Homem,72,2000
Tocantins,170009866,198.16624301,Homem,37,1700
Tocantins,170009866,213.14032298,Homem,43,8538
Tocantins,170009866,213.14032298,Mulher,21,1700
Tocantins,170009866,258.39496438,Mulher,21,2300
Tocantins,170009866,258.39496438,Homem,22,2000
Tocantins,170009866,213.20038734,Mulher,39,998
Tocantins,170009866,213.20038734,Homem,69,1200
Tocantins,170009866,213.20038734,Mulher,26,998
Tocantins,170009866,218.37786807,Homem,43,2000
Tocantins,170009866,218.37786807,Mulher,46,1200
Tocantins,170009866,212.70679749,Homem,39,3000
Tocantins,170009866,192.26370627,Mulher,44,1100
Tocantins,170009866,233.34016686,Homem,28,998
Tocantins,170009866,233.34016686,Mulher,30,200
Tocantins,170009866,225.03891845,Homem,47,2000
Tocantins,170009866,225.03891845,Mulher,25,1996
Tocantins,170009866,225.03891845,Homem,25,1200
Tocantins,170009866,163.29512128,Mulher,45,200
Tocantins,170011082,277.76937869,Homem,32,1000
Tocantins,170011082,180.74717178,Mulher,57,1400
Tocantins,170011082,184.57132201,Mulher,47,998
Tocantins,170011082,184.57132201,Homem,50,800
Tocantins,170011082,233.87685588,Homem,45,5000
Tocantins,170011082,233.87685588,Mulher,46,5000
Tocantins,170011082,201.07171154,Homem,73,3000
Tocantins,170011082,220.75799796,Mulher,39,600
Tocantins,170011082,220.75799796,Homem,30,1040
Tocantins,170011082,220.75799796,Homem,31,3000
Tocantins,170011082,220.75799796,Mulher,35,998
Tocantins,170011082,203.95613149,Homem,35,3000
Tocantins,170011984,232.31589765,Homem,65,1300
Tocantins,170011984,241.28611204,Homem,57,800
Tocantins,170011984,241.28611204,Mulher,47,1500
Tocantins,170011984,295.85183855,Homem,41,6000
Tocantins,170011984,295.85183855,Mulher,35,1200
Tocantins,170011984,323.35982041,Mulher,27,250
Tocantins,170011984,323.35982041,Homem,30,1000
Tocantins,170011984,276.819882,Homem,39,1150
Tocantins,170011984,276.819882,Mulher,42,250
Tocantins,170011984,286.85044529,Mulher,41,1500
Tocantins,170011984,286.85044529,Homem,52,200
Tocantins,170011984,296.0255259,Mulher,57,800
Tocantins,170011984,351.48551058,Mulher,23,500
Tocantins,170011984,351.48551058,Homem,35,998
Tocantins,170011984,328.9911264,Homem,24,1300
Tocantins,170011984,291.74408704,Homem,41,1200
Tocantins,170012018,267.60558526,Homem,54,998
Tocantins,170012018,288.17626862,Mulher,51,260
Tocantins,170012018,343.74649964,Homem,44,1500
Tocantins,170012018,343.74649964,Mulher,21,998
Tocantins,170012018,343.74649964,Mulher,22,998
Tocantins,170012018,305.32075455,Homem,37,2500
Tocantins,170012018,315.38061502,Mulher,42,998
Tocantins,170012018,315.38061502,Homem,43,1100
Tocantins,170012018,315.38061502,Homem,19,800
Tocantins,170012018,335.92224408,Mulher,33,1400
Tocantins,170012018,335.92224408,Homem,41,1400
Tocantins,170012018,267.38076948,Homem,19,998
Tocantins,170012018,325.7149259,Mulher,24,500
Tocantins,170012329,328.63429965,Homem,57,1200
Tocantins,170012329,351.07423426,Homem,41,1300
Tocantins,170012329,372.35536633,Mulher,46,998
Tocantins,170012329,372.35536633,Mulher,21,700
Tocantins,170012329,369.39770084,Homem,29,1200
Tocantins,170012435,195.78870086,Homem,32,400
Tocantins,170012435,195.78870086,Homem,28,250
Tocantins,170012435,157.00690025,Mulher,47,700
Tocantins,170012435,154.14685462,Homem,61,998
Tocantins,170012435,148.09172877,Homem,53,1200
Tocantins,170012435,225.49217763,Homem,24,998
Tocantins,170012435,173.8530732,Homem,36,900
Tocantins,170012435,173.42164245,Homem,41,998
Tocantins,170012435,173.42164245,Mulher,38,998
Tocantins,170012532,207.01980575,Homem,53,300
Tocantins,170012532,207.01980575,Homem,22,998
Tocantins,170012532,233.19195178,Homem,32,400
Tocantins,170012532,256.88186553,Homem,29,1600
Tocantins,170012532,209.52667746,Mulher,34,998
Tocantins,170012532,209.52667746,Homem,37,998
Tocantins,170012532,232.22853026,Mulher,46,998
Tocantins,170012532,232.22853026,Homem,25,998
Tocantins,170012532,169.17184018,Homem,59,998
Tocantins,170014110,232.90727018,Mulher,50,1530
Tocantins,170014110,237.41828758,Homem,50,4000
Tocantins,170014110,237.41828758,Mulher,53,3200
Tocantins,170014110,237.41828758,Homem,22,1500
Tocantins,170014110,237.41828758,Homem,24,1400
Tocantins,170014110,223.2140056,Mulher,48,3000
Tocantins,170014110,223.2140056,Mulher,29,2000
Tocantins,170014110,268.79682019,Homem,68,300
Tocantins,170014110,268.79682019,Homem,30,1019
Tocantins,170014110,268.79682019,Homem,27,1100
Tocantins,170014110,269.23373966,Homem,37,10000
Tocantins,170014110,269.23373966,Mulher,28,2000
Tocantins,170014110,225.42789659,Homem,46,3500
Tocantins,170014110,224.51938738,Mulher,48,2200
Tocantins,170014110,224.51938738,Homem,40,1200
Tocantins,170014110,230.69769331,Mulher,42,4500
Tocantins,170015255,173.17144407,Mulher,33,600
Tocantins,170015255,173.17144407,Homem,28,1300
Tocantins,170015255,136.56437455,Homem,58,1200
Tocantins,170015255,136.56437455,Mulher,59,500
Tocantins,170015255,136.31188017,Homem,59,1200
Tocantins,170015255,136.31188017,Mulher,51,200
Tocantins,170015255,136.31188017,Mulher,31,500
Tocantins,170015255,135.61731987,Homem,55,500
Tocantins,170015255,199.4961167,Homem,24,1000
Tocantins,170015255,151.22801905,Mulher,45,1200
Tocantins,170015255,124.45314071,Mulher,58,500
Tocantins,170015255,136.54418985,Mulher,33,1200
Tocantins,170015255,121.77686041,Mulher,54,1500
Tocantins,170015255,121.77686041,Homem,56,2500
Tocantins,170015255,122.52558229,Homem,67,500
Tocantins,170015532,322.9320357,Homem,45,1250
Tocantins,170015532,322.9320357,Mulher,39,4000
Tocantins,170015532,353.18629084,Mulher,26,3900
Tocantins,170015532,275.96075423,Homem,73,2000
Tocantins,170015532,275.96075423,Mulher,64,500
Tocantins,170015532,311.20313777,Homem,48,20
Tocantins,170015532,311.20313777,Mulher,52,2495
Tocantins,170015532,254.7640531,Mulher,65,400
Tocantins,170015532,263.05168568,Homem,55,1497
Tocantins,170015532,263.05168568,Mulher,50,2000
Tocantins,170015532,364.40530854,Mulher,30,600
Tocantins,170016360,371.96415091,Homem,64,1200
Tocantins,170016360,384.51264481,Mulher,53,1800
Tocantins,170016360,333.48742343,Mulher,35,998
Tocantins,170016360,367.5952359,Homem,37,700
Tocantins,170016360,384.54738956,Mulher,40,998
Tocantins,170016360,384.54738956,Homem,24,700
Tocantins,170018514,169.04242575,Homem,50,998
Tocantins,170018514,182.63885175,Homem,34,1200
Tocantins,170018514,173.6504592,Homem,37,998
Tocantins,170018514,274.80981017,Homem,29,3000
Tocantins,170018514,158.47198307,Mulher,39,998
Tocantins,170018514,137.34079208,Mulher,51,10000
Tocantins,170018514,155.54865275,Homem,73,998
Tocantins,170018514,248.87077391,Homem,26,1200
Tocantins,170018514,186.13028871,Mulher,24,600
Tocantins,170018514,137.34079208,Mulher,51,998
Tocantins,170018514,185.9232727,Mulher,47,1800
Tocantins,170018910,241.37265113,Mulher,52,500
Tocantins,170018910,225.15502746,Homem,46,500
Tocantins,170018910,225.15502746,Mulher,52,450
Tocantins,170018910,225.15502746,Mulher,33,998
Tocantins,170018910,226.67844956,Mulher,44,998
Tocantins,170018910,226.67844956,Mulher,19,300
Tocantins,170018910,225.09554011,Homem,36,6000
Tocantins,170018910,225.09554011,Mulher,38,998
Tocantins,170018910,239.4803283,Mulher,44,500
Tocantins,170018910,252.65007441,Homem,33,450
Tocantins,170018910,252.65007441,Mulher,33,180
Tocantins,170018910,240.70102536,Homem,41,2750
Tocantins,170018910,240.70102536,Mulher,36,998
Tocantins,170019324,308.84784398,Homem,33,2000
Tocantins,170019324,308.84784398,Mulher,32,998
Tocantins,170019324,309.58505207,Homem,30,150
Tocantins,170019324,286.06080997,Mulher,42,1300
Tocantins,170019324,286.06080997,Mulher,19,600
Tocantins,170019324,303.36551264,Mulher,39,300
Tocantins,170019324,354.86988622,Homem,19,998
Tocantins,170019324,293.65613022,Mulher,48,998
Tocantins,170019324,293.65613022,Homem,24,1200
Tocantins,170019324,302.15201162,Homem,45,998
Tocantins,170019324,337.96924682,Homem,19,998
Tocantins,170019731,195.38699463,Homem,38,1000
Tocantins,170019731,220.73934478,Mulher,37,998
Tocantins,170019731,211.96613937,Mulher,54,998
Tocantins,170019731,211.96613937,Homem,22,1200
Tocantins,170019731,220.64302936,Homem,37,1000
Tocantins,170019731,283.38340221,Homem,29,998
Tocantins,170019731,223.37175683,Homem,44,998
Tocantins,170019731,176.54635115,Homem,60,400
Tocantins,170019731,173.70371783,Mulher,61,2700
Tocantins,170019731,227.66125021,Homem,37,5500
Tocantins,170019872,208.74107352,Mulher,44,3850
Tocantins,170019872,208.74107352,Homem,56,1500
Tocantins,170019872,204.26840719,Mulher,46,2800
Tocantins,170019872,204.26840719,Homem,50,1500
Tocantins,170019872,256.54271784,Homem,42,998
Tocantins,170019872,256.54271784,Homem,23,998
Tocantins,170019872,273.08524439,Homem,44,2000
Tocantins,170019872,273.08524439,Mulher,45,998
Tocantins,170019872,273.08524439,Homem,23,200
Tocantins,170019872,273.08524439,Homem,20,750
Tocantins,170019872,294.12523394,Homem,32,2000
Tocantins,170019872,220.29676154,Mulher,30,998
Tocantins,170019872,261.78580519,Homem,39,1500
Tocantins,170019872,261.78580519,Mulher,38,1300
Tocantins,170019872,276.90271637,Homem,33,2500
Tocantins,170019872,276.90271637,Mulher,27,1300
Tocantins,170019977,308.34788724,Mulher,52,460
Tocantins,170019977,268.43695158,Homem,52,800
Tocantins,170019977,241.96035556,Mulher,54,600
Tocantins,170019977,313.46621719,Mulher,51,1000
Tocantins,170019977,313.46621719,Homem,34,1800
Tocantins,170019977,275.04249105,Homem,65,2500
Tocantins,170020154,131.08254485,Homem,49,998
Tocantins,170020154,131.08254485,Mulher,48,998
Tocantins,170020154,146.8187438,Mulher,31,250
Tocantins,170020154,147.21867506,Mulher,40,600
Tocantins,170020154,147.21867506,Homem,38,200
Tocantins,170020154,153.10449764,Homem,47,500
Tocantins,170020154,131.52036571,Mulher,39,480
Tocantins,170020154,170.87820348,Homem,47,1600
Tocantins,170020154,157.36370417,Homem,31,998
Tocantins,170020154,181.25418061,Homem,22,998
Tocantins,170020154,141.68303254,Mulher,48,1900
Tocantins,170020154,133.8942193,Mulher,36,998
Tocantins,170020154,133.8942193,Mulher,16,200
Tocantins,170026485,99.65178465,Homem,45,1700
Tocantins,170026485,74.76697332,Homem,66,500
Tocantins,170026485,74.76697332,Mulher,60,500
Tocantins,170026485,111.72911505,Homem,27,998
Tocantins,170026485,82.98940342,Mulher,34,1800
Tocantins,170026485,80.51461354,Mulher,52,1900
Tocantins,170026485,81.9262128,Homem,54,2500
Tocantins,170026485,83.11617465,Mulher,53,2000
Tocantins,170026485,83.11617465,Mulher,30,1200
Tocantins,170026485,108.57868939,Mulher,29,100
Tocantins,170026485,108.57868939,Homem,32,500
Tocantins,170026485,99.59285477,Mulher,40,7000
Tocantins,170026485,99.59285477,Homem,46,8000
Tocantins,170026630,160.91645363,Mulher,46,998
Tocantins,170026630,163.8154514,Mulher,44,500
Tocantins,170026630,153.15047856,Mulher,26,1000
Tocantins,170026630,153.15047856,Mulher,43,1200
Tocantins,170026630,195.16941406,Homem,41,600
Tocantins,170026630,175.24372955,Homem,36,2600
Tocantins,170026630,143.75268398,Homem,62,900
Tocantins,170026630,197.53895274,Homem,23,1000
Tocantins,170026630,170.19287822,Homem,33,998
Tocantins,170026630,196.25478682,Homem,33,998
Tocantins,170026630,177.6960684,Mulher,32,900
Tocantins,170026930,362.42270817,Mulher,48,1100
Tocantins,170026930,362.42270817,Homem,16,1200
Tocantins,170026930,418.78743475,Homem,32,1800
Tocantins,170026930,409.18166862,Homem,27,1200
Tocantins,170026930,409.18166862,Homem,51,150
Tocantins,170026930,378.66817648,Mulher,43,1800
Tocantins,170026930,378.66817648,Homem,45,1800
Tocantins,170026930,378.66817648,Mulher,23,1032
Tocantins,170026930,444.93930326,Homem,47,3000
Tocantins,170026930,444.93930326,Homem,16,1200
Tocantins,170026930,327.78654165,Mulher,50,998
Tocantins,170026930,327.78654165,Homem,57,1200
Tocantins,170026930,335.07320922,Mulher,46,1000
Tocantins,170026930,335.07320922,Homem,55,995
Tocantins,170026930,335.07320922,Homem,43,500
Tocantins,170026994,204.23136263,Mulher,52,4500
Tocantins,170026994,204.23136263,Homem,56,1500
Tocantins,170026994,242.72116177,Homem,67,700
Tocantins,170026994,242.72116177,Homem,32,800
Tocantins,170026994,242.72116177,Homem,29,1500
Tocantins,170026994,237.01565336,Homem,49,2000
Tocantins,170026994,237.01565336,Homem,18,500
Tocantins,170026994,219.57194126,Homem,42,998
Tocantins,170026994,225.10070229,Homem,51,1500
Tocantins,170026994,225.10070229,Mulher,41,1300
Tocantins,170026994,225.10070229,Homem,17,700
Tocantins,170026994,225.10070229,Homem,16,700
Tocantins,170026994,280.97203542,Homem,37,900
Tocantins,170026994,239.21006545,Mulher,37,998
Tocantins,170026994,187.72232688,Mulher,55,998
Tocantins,170026994,187.72232688,Homem,68,998
Tocantins,170026994,206.08814614,Homem,52,600
Tocantins,170026994,189.5207911,Homem,61,998
Tocantins,170027665,272.82347026,Homem,53,600
Tocantins,170027665,311.08276574,Mulher,47,300
Tocantins,170027665,311.08276574,Homem,43,600
Tocantins,170027665,329.68301251,Homem,46,998
Tocantins,170027665,361.86763679,Homem,42,998
Tocantins,170027665,322.7994035,Homem,39,1200
Tocantins,170027665,322.7994035,Mulher,35,500
Tocantins,170027665,305.89943638,Homem,44,2000
Tocantins,170027665,228.88329635,Mulher,69,500
Tocantins,170027665,276.0613685,Homem,44,900
Tocantins,170027665,295.58864179,Homem,46,600
Tocantins,170027665,276.01284587,Mulher,30,1014
Tocantins,170027665,319.30949827,Homem,38,800
Tocantins,170027665,371.8660695,Mulher,23,500
Tocantins,170027923,364.54733687,Mulher,37,998
Tocantins,170027923,272.88179165,Mulher,52,1500
Tocantins,170027923,364.54733687,Mulher,37,998
Tocantins,170027923,429.829693,Homem,36,998
Tocantins,170027923,480.07029451,Homem,32,1100
Tocantins,170027923,435.1652601,Homem,31,600
Tocantins,170027923,403.2297354,Homem,60,1300
Tocantins,170027923,350.38253422,Mulher,39,499
Tocantins,170027923,350.38253422,Homem,55,499
Tocantins,170027923,376.24798676,Mulher,26,750
Tocantins,170027923,376.24798676,Homem,38,900
Tocantins,170027923,376.24798676,Mulher,43,2200
Tocantins,170028511,184.6708529,Homem,45,998
Tocantins,170028511,159.8943057,Homem,51,4000
Tocantins,170028511,159.8943057,Mulher,47,1500
Tocantins,170028511,181.16258282,Homem,57,5000
Tocantins,170028511,181.16258282,Mulher,34,1700
Tocantins,170028511,212.22850185,Homem,36,2000
Tocantins,170028511,212.22850185,Homem,22,1200
Tocantins,170028511,169.42071399,Mulher,28,1500
Tocantins,170028511,217.64407106,Homem,44,2000
Tocantins,170028511,217.64407106,Mulher,29,1000
Tocantins,170028511,153.21426326,Homem,57,4000
Tocantins,170028511,153.21426326,Mulher,52,3000
Tocantins,170028511,190.3967327,Mulher,30,1485
Tocantins,170028511,180.12793134,Mulher,39,998
Tocantins,170028511,224.18312966,Homem,38,3000
Tocantins,170028585,6.90266163,Homem,67,1000
Tocantins,170028585,6.90266163,Mulher,49,1000
Tocantins,170028585,8.9916343,Homem,39,2000
Tocantins,170028585,8.9916343,Mulher,36,1800
Tocantins,170028585,7.57116808,Homem,61,350
Tocantins,170028585,8.88251752,Mulher,48,2000
Tocantins,170028585,8.88251752,Homem,45,800
Tocantins,170028788,176.94276835,Homem,59,998
Tocantins,170028788,175.97110532,Homem,57,2000
Tocantins,170028788,175.97110532,Mulher,54,2000
Tocantins,170028788,215.2122903,Mulher,35,1400
Tocantins,170028788,215.2122903,Homem,46,1100
Tocantins,170028788,202.43752104,Homem,62,998
Tocantins,170028788,236.56437736,Homem,47,2300
Tocantins,170028788,253.06081834,Mulher,53,998
Tocantins,170028788,253.06081834,Homem,28,600
Tocantins,170028788,218.85129225,Mulher,42,998
Tocantins,170028788,218.85129225,Homem,42,1200
Tocantins,170028788,201.10604057,Homem,88,100
Tocantins,170028788,201.10604057,Homem,25,998
Tocantins,170028857,295.36274536,Homem,54,150
Tocantins,170028857,295.36274536,Mulher,49,450
Tocantins,170028857,295.36274536,Homem,29,1500
Tocantins,170028857,263.11263601,Mulher,52,3200
Tocantins,170028857,218.54034064,Homem,58,200
Tocantins,170028857,300.53773213,Homem,32,1500
Tocantins,170028857,300.53773213,Mulher,30,1500
Tocantins,170028857,241.53351399,Homem,50,1400
Tocantins,170028857,268.41987868,Mulher,52,3600
Tocantins,170028857,266.68088886,Homem,49,3000
Tocantins,170028857,266.68088886,Mulher,48,3000
Tocantins,170028857,266.68088886,Homem,19,998
Tocantins,170028857,275.18381645,Homem,50,1800
Tocantins,170028857,275.18381645,Mulher,48,1500
Tocantins,170028857,275.18381645,Homem,21,1300
Tocantins,170028857,275.18381645,Homem,16,998
Tocantins,170028857,287.12911695,Mulher,28,750
Tocantins,170028857,290.9696229,Mulher,40,2700
Tocantins,170028857,290.9696229,Homem,26,2700
Tocantins,170028857,343.23025305,Homem,32,1800
Tocantins,170029757,325.99729055,Homem,33,5000
Tocantins,170029757,366.77585508,Homem,39,3000
Tocantins,170029757,366.77585508,Mulher,38,3000
Tocantins,170029757,380.10155317,Homem,36,5000
Tocantins,170029757,272.9517641,Homem,54,3000
Tocantins,170029757,272.9517641,Mulher,56,1000
Tocantins,170029757,402.63820031,Homem,31,5000
Tocantins,170029757,355.35793612,Homem,37,10000
Tocantins,170029757,355.35793612,Mulher,34,10000
Tocantins,170030463,150.40299536,Homem,19,998
Tocantins,170030463,177.45857571,Mulher,30,998
Tocantins,170030463,177.45857571,Homem,22,200
Tocantins,170030463,147.78061986,Homem,62,998
Tocantins,170030463,136.52605519,Mulher,39,300
Tocantins,170030463,205.42015293,Homem,22,1600
Tocantins,170030463,155.0274567,Homem,56,998
Tocantins,170030463,155.0274567,Mulher,56,1200
Tocantins,170030463,155.0274567,Homem,33,998
Tocantins,170030463,160.95274915,Mulher,58,998
Tocantins,170030463,160.95274915,Mulher,28,2500
Tocantins,170030463,174.1480464,Homem,59,998
Tocantins,170030463,174.1480464,Homem,34,998
Tocantins,170030463,174.1480464,Homem,28,998
Tocantins,170030463,174.1480464,Homem,21,998
Tocantins,170030463,172.85700105,Homem,26,998
Tocantins,170032077,220.05876017,Homem,31,1900
Tocantins,170032077,290.73179666,Homem,26,800
Tocantins,170032077,255.27236962,Homem,28,800
Tocantins,170032077,198.49901987,Mulher,21,998
Tocantins,170032077,225.10684083,Homem,39,350
Tocantins,170032077,252.35867948,Homem,29,50
Tocantins,170032077,187.15591246,Mulher,37,998
Tocantins,170000012,180.0036503,Mulher,55,1740
Tocantins,170000012,185.07903722,Mulher,49,1200
Tocantins,170000012,185.07903722,Homem,49,300
Tocantins,170000012,204.64784339,Homem,56,150
Tocantins,170000012,204.64784339,Mulher,39,200
Tocantins,170000012,204.64784339,Homem,19,998
Tocantins,170000012,219.42177133,Homem,39,2000
Tocantins,170000012,219.42177133,Mulher,36,3600
Tocantins,170000012,221.2790073,Homem,43,3000
Tocantins,170000012,229.94481866,Homem,32,1200
Tocantins,170000012,229.94481866,Mulher,33,998
Tocantins,170000012,190.2249572,Mulher,19,998
Tocantins,170001481,281.53960346,Mulher,25,998
Tocantins,170001481,281.53960346,Homem,30,1100
Tocantins,170001481,235.41862916,Homem,62,998
Tocantins,170001481,235.41862916,Homem,37,998
Tocantins,170001481,235.41862916,Mulher,30,998
Tocantins,170001481,205.58282623,Homem,43,1800
Tocantins,170001481,228.89743391,Homem,44,2000
Tocantins,170001481,204.65014562,Homem,53,1000
Tocantins,170001481,198.16847358,Mulher,75,3000
Tocantins,170001481,238.99020169,Mulher,40,998
Tocantins,170001481,238.99020169,Mulher,21,998
Tocantins,170001481,223.46481541,Homem,60,998
Tocantins,170001481,223.46481541,Mulher,55,998
Tocantins,170001481,242.18926758,Homem,29,2000
Tocantins,170001481,223.28106285,Homem,65,998
Tocantins,170001996,291.0738686,Homem,51,1000
Tocantins,170001996,366.53019246,Homem,38,1100
Tocantins,170001996,366.53019246,Mulher,29,998
Tocantins,170001996,324.29513874,Mulher,37,1100
Tocantins,170001996,324.29513874,Homem,18,500
Tocantins,170001996,346.32323589,Homem,45,5000
Tocantins,170001996,346.32323589,Mulher,37,3500
Tocantins,170001996,340.34277183,Homem,52,10000
Tocantins,170001996,340.34277183,Mulher,42,4000
Tocantins,170001996,336.23804769,Homem,49,1600
Tocantins,170001996,336.23804769,Mulher,43,800
Tocantins,170001996,299.94524602,Mulher,56,3000
Tocantins,170001996,350.59819096,Homem,49,3000
Tocantins,170001996,306.23743674,Mulher,46,200
Tocantins,170003831,177.2393728,Mulher,33,1200
Tocantins,170003831,236.85409563,Mulher,27,450
Tocantins,170003831,208.46143876,Mulher,38,300
Tocantins,170003831,209.38645039,Homem,41,998
Tocantins,170003831,209.38645039,Homem,36,998
Tocantins,170003831,222.15187518,Homem,28,1200
Tocantins,170003831,219.97665258,Mulher,48,998
Tocantins,170003831,219.97665258,Homem,26,800
Tocantins,170003831,186.66789122,Mulher,51,3000
Tocantins,170003831,186.66789122,Homem,50,1800
Tocantins,170003831,194.25651825,Homem,60,998
Tocantins,170003831,194.25651825,Mulher,50,998
Tocantins,170003831,256.41291005,Homem,30,1500
Tocantins,170003831,208.93955424,Mulher,47,1500
Tocantins,170003831,208.93955424,Homem,37,998
Tocantins,170003831,208.93955424,Mulher,26,998
Tocantins,170008341,168.73828351,Mulher,43,5000
Tocantins,170008341,168.73828351,Homem,41,2300
Tocantins,170008341,159.83721908,Homem,50,8000
Tocantins,170008341,159.83721908,Mulher,44,7000
Tocantins,170008341,149.48990132,Homem,35,6000
Tocantins,170008341,190.95983893,Homem,36,1500
Tocantins,170008341,170.1568563,Homem,34,8000
Tocantins,170008341,170.1568563,Homem,31,8000
Tocantins,170008341,170.1568563,Mulher,26,4000
Tocantins,170008341,233.67483434,Homem,26,1800
Tocantins,170008341,180.39024226,Homem,44,2000
Tocantins,170008341,180.39024226,Mulher,23,998
Tocantins,170008341,158.06334315,Homem,52,2300
Tocantins,170008341,131.28965431,Mulher,53,998
Tocantins,170008631,210.08408557,Homem,36,1500
Tocantins,170008631,210.08408557,Homem,23,1500
Tocantins,170008631,230.89721219,Homem,20,998
Tocantins,170008631,242.25271457,Homem,26,1100
Tocantins,170008631,190.85300997,Homem,36,800
Tocantins,170008631,185.51219402,Homem,32,1600
Tocantins,170008631,176.71611893,Homem,64,200
Tocantins,170010431,546.81002207,Homem,40,800
Tocantins,170010431,606.94960941,Homem,25,1107
Tocantins,170010431,606.94960941,Mulher,27,500
Tocantins,170010431,506.93792404,Homem,15,1000
Tocantins,170010431,502.16812359,Mulher,48,1250
Tocantins,170010431,418.65186959,Homem,57,1000
Tocantins,170010431,418.65186959,Mulher,42,1000
Tocantins,170010431,515.66807229,Mulher,38,4000
Tocantins,170010431,515.66807229,Homem,43,4000
Tocantins,170010431,473.04913093,Mulher,47,800
Tocantins,170012356,225.70225134,Homem,32,500
Tocantins,170012356,247.02449696,Homem,48,998
Tocantins,170012356,246.35188352,Homem,21,1100
Tocantins,170012356,237.567313,Homem,29,350
Tocantins,170012356,239.34210516,Homem,50,998
Tocantins,170012356,267.26727212,Homem,29,1100
Tocantins,170012356,225.95079633,Mulher,54,110
Tocantins,170012356,249.73263293,Homem,42,300
Tocantins,170012356,241.40711656,Homem,25,120
Tocantins,170013062,356.80990591,Mulher,33,998
Tocantins,170013062,356.80990591,Homem,27,998
Tocantins,170013062,305.40663386,Homem,37,1450
Tocantins,170013062,305.40663386,Mulher,37,998
Tocantins,170013062,305.40663386,Homem,18,150
Tocantins,170013062,282.39070116,Mulher,40,1500
Tocantins,170013062,341.5444123,Homem,28,2000
Tocantins,170013062,316.41162638,Mulher,30,400
Tocantins,170013062,316.41162638,Homem,45,2500
Tocantins,170013062,282.39070116,Mulher,43,1200
Tocantins,170013062,375.72111649,Homem,24,998
Tocantins,170013062,375.72111649,Mulher,22,500
Tocantins,170013062,314.68435654,Homem,40,450
Tocantins,170013062,280.95008651,Homem,43,1800
Tocantins,170013062,301.44785983,Homem,31,1300
Tocantins,170013062,301.44785983,Homem,36,1200
Tocantins,170014165,211.65190216,Homem,33,2200
Tocantins,170014165,222.5966583,Mulher,34,998
Tocantins,170014165,205.02332596,Mulher,54,700
Tocantins,170014165,205.02332596,Mulher,26,998
Tocantins,170014165,209.39486957,Mulher,42,500
Tocantins,170014165,209.39486957,Homem,47,8000
Tocantins,170014165,201.52999574,Mulher,58,998
Tocantins,170014165,201.52999574,Mulher,37,1700
Tocantins,170014165,201.52999574,Mulher,33,998
Tocantins,170014165,211.65190216,Homem,34,3100
Tocantins,170014165,211.65190216,Mulher,35,1800
Tocantins,170014165,220.79699406,Homem,46,5000
Tocantins,170014165,220.79699406,Mulher,36,8000
Tocantins,170014165,234.99236635,Homem,27,1600
Tocantins,170014165,234.99236635,Mulher,42,6000
Tocantins,170014165,196.78840161,Mulher,39,2500
Tocantins,170014165,196.78840161,Homem,41,2500
Tocantins,170014165,214.69193056,Homem,68,998
Tocantins,170014165,214.69193056,Homem,31,500
Tocantins,170014165,260.59685161,Homem,29,500
Tocantins,170015291,195.98662168,Homem,58,10000
Tocantins,170015291,306.9311865,Homem,21,1200
Tocantins,170015291,322.13144113,Homem,29,4000
Tocantins,170015291,322.13144113,Mulher,23,998
Tocantins,170015291,279.76024803,Homem,48,2500
Tocantins,170015291,279.76024803,Mulher,32,1996
Tocantins,170015291,328.00573182,Homem,24,2750
Tocantins,170015291,257.15365555,Homem,40,4870
Tocantins,170015291,257.15365555,Mulher,35,4900
Tocantins,170015643,177.29616774,Mulher,51,4000
Tocantins,170015643,177.29616774,Homem,54,2000
Tocantins,170015643,160.68923365,Homem,76,1000
Tocantins,170015643,208.32878276,Homem,36,998
Tocantins,170015643,208.32878276,Mulher,33,900
Tocantins,170015643,239.53575786,Homem,34,1100
Tocantins,170017238,377.05030027,Mulher,29,2000
Tocantins,170017238,377.05030027,Homem,30,1200
Tocantins,170017238,327.18414301,Homem,57,2500
Tocantins,170017238,327.18414301,Homem,30,1100
Tocantins,170017238,334.82630744,Mulher,38,998
Tocantins,170017238,334.82630744,Homem,48,1200
Tocantins,170017238,334.82630744,Homem,20,998
Tocantins,170017238,392.14451922,Mulher,21,500
Tocantins,170019550,303.92691528,Mulher,41,998
Tocantins,170019550,303.92691528,Homem,38,998
Tocantins,170019550,264.69835929,Mulher,39,998
Tocantins,170019550,247.26653431,Homem,42,2600
Tocantins,170019550,247.26653431,Mulher,36,998
Tocantins,170019550,300.32426099,Mulher,52,4500
Tocantins,170019550,300.32426099,Homem,31,2700
Tocantins,170019550,285.84433157,Mulher,40,998
Tocantins,170019550,285.84433157,Homem,43,998
Tocantins,170019550,285.84433157,Homem,14,400
Tocantins,170019550,283.55982893,Mulher,44,300
Tocantins,170019550,283.55982893,Homem,20,500
Tocantins,170019550,244.50464271,Homem,71,998
Tocantins,170026876,364.47378246,Homem,51,1000
Tocantins,170026876,400.76063183,Homem,47,2500
Tocantins,170026876,400.76063183,Mulher,48,2000
Tocantins,170026876,454.73778292,Homem,38,1500
Tocantins,170026876,454.73778292,Mulher,29,998
Tocantins,170026876,319.19971483,Homem,68,250
Tocantins,170026876,373.15643374,Homem,28,998
Tocantins,170026876,423.38684906,Mulher,43,700
Tocantins,170026876,414.42427078,Homem,27,800
Tocantins,170026876,366.63784272,Homem,62,700
Tocantins,170026876,475.54834343,Homem,33,1200
Tocantins,170026876,475.54834343,Mulher,27,998
Tocantins,170030097,239.19777224,Homem,51,400
Tocantins,170030097,253.58914398,Homem,47,3600
Tocantins,170030097,248.97801201,Homem,60,200
Tocantins,170030097,270.56204205,Homem,42,2200
Tocantins,170030097,270.56204205,Mulher,38,998
Tocantins,170030097,292.27484568,Mulher,32,500
Tocantins,170030097,229.93207409,Homem,50,3000
Tocantins,170032467,192.89482266,Mulher,50,998
Tocantins,170032467,205.85516377,Homem,34,998
Tocantins,170032467,205.85516377,Mulher,34,998
Tocantins,170032467,203.55135037,Homem,38,300
Tocantins,170032467,203.55135037,Mulher,45,100
Tocantins,170032467,210.8869372,Homem,21,600
Tocantins,170032467,174.50336667,Mulher,40,1000
Tocantins,170032467,174.50336667,Homem,56,1000
Tocantins,170032467,234.17740457,Mulher,24,150
Tocantins,170032467,144.1436354,Mulher,48,998
Tocantins,170032467,184.59082904,Homem,52,1500
Tocantins,170000306,155.45330676,Homem,46,998
Tocantins,170000306,202.77057202,Homem,25,400
Tocantins,170000306,135.32662118,Homem,58,300
Tocantins,170000306,163.92857796,Homem,35,600
Tocantins,170000306,163.92857796,Mulher,36,600
Tocantins,170000306,133.88823138,Homem,57,4000
Tocantins,170000306,133.88823138,Mulher,58,1800
Tocantins,170000389,162.21609558,Homem,43,60
Tocantins,170000389,169.68325413,Homem,47,1000
Tocantins,170000389,169.68325413,Mulher,43,1000
Tocantins,170000389,171.71726339,Homem,40,998
Tocantins,170000389,162.64030749,Homem,54,1200
Tocantins,170000389,179.1769503,Homem,57,1996
Tocantins,170000389,179.1769503,Homem,27,2500
Tocantins,170000389,148.28026385,Homem,53,400
Tocantins,170000389,200.94261888,Homem,29,150
Tocantins,170000389,189.80051218,Homem,34,1800
Tocantins,170000920,89.03115969,Homem,47,500
Tocantins,170000920,95.0987401,Mulher,27,40
Tocantins,170000920,80.72553456,Homem,52,5000
Tocantins,170000920,92.61411069,Homem,38,100
Tocantins,170000920,104.26928121,Homem,23,200
Tocantins,170000920,102.93080992,Homem,31,998
Tocantins,170000920,96.01906607,Homem,42,300
Tocantins,170000920,101.12000424,Homem,47,500
Tocantins,170000920,101.12000424,Mulher,39,600
Tocantins,170000920,101.12000424,Homem,31,450
Tocantins,170000920,91.66403992,Homem,65,200
Tocantins,170001897,102.83327818,Homem,53,1500
Tocantins,170001897,137.87439164,Homem,33,2000
Tocantins,170001897,97.39719659,Homem,68,300
Tocantins,170001897,117.8913683,Homem,37,998
Tocantins,170001897,117.8913683,Mulher,19,200
Tocantins,170001897,96.42893433,Homem,53,1500
Tocantins,170001897,144.19816294,Homem,25,1200
Tocantins,170001897,107.61819139,Homem,42,998
Tocantins,170001897,90.9430196,Homem,77,2250
Tocantins,170001897,87.63908306,Homem,75,130
Tocantins,170001897,104.2436327,Homem,66,400
Tocantins,170001897,141.48517098,Homem,27,998
Tocantins,170001897,114.68379817,Homem,59,150
Tocantins,170002260,78.23373712,Homem,31,300
Tocantins,170002260,70.14351352,Homem,32,300
Tocantins,170002260,59.12023279,Mulher,58,100
Tocantins,170002260,54.09614481,Homem,57,2200
Tocantins,170002260,56.72474844,Homem,41,380
Tocantins,170002400,66.86302596,Mulher,31,998
Tocantins,170002400,66.86302596,Homem,31,2000
Tocantins,170002400,50.65205927,Homem,81,450
Tocantins,170002400,69.54400034,Homem,42,998
Tocantins,170002400,69.54400034,Homem,21,200
Tocantins,170002400,69.54400034,Mulher,15,200
Tocantins,170002400,83.74797435,Homem,21,1000
Tocantins,170002400,69.68070713,Homem,43,575
Tocantins,170002400,67.15224039,Homem,28,998
Tocantins,170002400,50.57984354,Homem,62,600
Tocantins,170004535,179.96063914,Mulher,44,998
Tocantins,170004535,179.96063914,Homem,46,1980
Tocantins,170004535,192.18420613,Homem,41,500
Tocantins,170004535,170.12187427,Homem,37,1860
Tocantins,170004535,170.12187427,Mulher,42,2840
Tocantins,170004535,142.77159446,Homem,67,400
Tocantins,170004535,142.77159446,Homem,68,800
Tocantins,170004535,176.09498397,Homem,30,5000
Tocantins,170004535,174.02020506,Homem,45,998
Tocantins,170004535,173.80599388,Homem,29,998
Tocantins,170004535,156.4425509,Homem,51,998
Tocantins,170004535,175.37695457,Mulher,41,500
Tocantins,170004535,175.37695457,Homem,41,1400
Tocantins,170004732,68.74885472,Homem,40,1400
Tocantins,170004732,82.64323196,Homem,29,998
Tocantins,170004732,59.76755199,Homem,60,3500
Tocantins,170004732,57.85837124,Homem,57,3000
Tocantins,170004732,73.01480479,Homem,42,998
Tocantins,170004732,57.08140052,Homem,46,1300
Tocantins,170004732,72.24253649,Homem,46,1500
Tocantins,170004732,57.4197905,Homem,53,2000
Tocantins,170004732,66.48327083,Homem,36,900
Tocantins,170004732,73.95978635,Homem,33,1555
Tocantins,170004732,65.90147791,Homem,49,998
Tocantins,170006671,71.46950531,Homem,32,1520
Tocantins,170006671,79.22419696,Homem,20,1480
Tocantins,170006671,59.41132421,Homem,54,1570
Tocantins,170006671,73.73513519,Homem,19,998
Tocantins,170006671,59.79543247,Homem,44,1400
Tocantins,170006671,67.90313356,Homem,42,1480
Tocantins,170006671,67.90313356,Mulher,45,2500
Tocantins,170006671,63.98538443,Mulher,40,1200
Tocantins,170006671,62.38595029,Homem,44,998
Tocantins,170006671,59.38731694,Homem,48,550
Tocantins,170006671,59.38731694,Mulher,58,250
Tocantins,170006671,72.26557024,Homem,49,1560
Tocantins,170006744,133.91341425,Mulher,37,1000
Tocantins,170006744,133.91341425,Homem,38,998
Tocantins,170006744,142.16049648,Mulher,34,998
Tocantins,170006744,142.16049648,Homem,43,1500
Tocantins,170006744,132.95868579,Homem,47,1700
Tocantins,170006744,132.95868579,Mulher,40,998
Tocantins,170006744,138.13987653,Homem,19,400
Tocantins,170006744,169.08217477,Homem,34,1500
Tocantins,170006917,88.47259549,Homem,43,150
Tocantins,170006917,88.47259549,Mulher,52,150
Tocantins,170006917,91.15868737,Homem,47,1000
Tocantins,170006917,101.89641472,Homem,47,2500
Tocantins,170006917,101.89641472,Mulher,32,1200
Tocantins,170006917,99.09909387,Homem,33,1480
Tocantins,170006917,94.16959027,Homem,61,500
Tocantins,170006917,120.61351807,Homem,27,1800
Tocantins,170006980,257.59584201,Homem,29,400
Tocantins,170006980,187.05060654,Homem,42,2500
Tocantins,170008263,325.21756515,Homem,54,2000
Tocantins,170008263,325.21756515,Mulher,50,2000
Tocantins,170008263,411.669747,Homem,66,150
Tocantins,170008263,493.35826715,Homem,34,500
Tocantins,170008553,59.77027526,Homem,58,400
Tocantins,170008553,65.58611981,Homem,34,1200
Tocantins,170008553,48.62683498,Homem,56,1275
Tocantins,170008553,53.85610385,Homem,59,450
Tocantins,170008553,48.17616741,Homem,50,330
Tocantins,170008553,50.10973769,Homem,64,1000
Tocantins,170008553,49.51646583,Homem,62,375
Tocantins,170008553,48.71918425,Homem,58,800
Tocantins,170008553,75.95187371,Homem,32,1500
Tocantins,170010092,104.44357796,Homem,51,998
Tocantins,170010092,104.72198432,Homem,40,1998
Tocantins,170010092,104.72198432,Mulher,43,500
Tocantins,170010092,93.24373992,Homem,55,700
Tocantins,170010092,93.24373992,Homem,46,2000
Tocantins,170010092,93.24373992,Mulher,43,2000
Tocantins,170010092,93.15830612,Homem,48,1200
Tocantins,170010092,89.45455636,Homem,50,1000
Tocantins,170010092,115.99016939,Homem,51,6000
Tocantins,170010092,89.45455636,Homem,51,998
Tocantins,170010092,115.34188306,Homem,52,1000
Tocantins,170010092,115.34188306,Mulher,46,1000
Tocantins,170010092,115.34188306,Homem,27,1000
Tocantins,170010092,115.34188306,Mulher,24,1000
Tocantins,170010092,87.65592767,Homem,35,1300
Tocantins,170010689,159.83954659,Homem,33,998
Tocantins,170010689,159.83954659,Mulher,36,600
Tocantins,170010689,152.75648287,Homem,35,500
Tocantins,170010689,152.75648287,Mulher,42,998
Tocantins,170010689,169.2881567,Homem,46,6700
Tocantins,170010689,170.25330155,Homem,34,2500
Tocantins,170010689,128.76258013,Homem,58,1500
Tocantins,170010689,148.11990256,Homem,43,400
Tocantins,170010689,128.05549365,Homem,58,400
Tocantins,170010689,173.00214233,Homem,40,1900
Tocantins,170011966,55.02784739,Homem,56,998
Tocantins,170011966,56.03458514,Homem,63,998
Tocantins,170011966,69.74846296,Homem,41,2500
Tocantins,170011966,62.95652045,Homem,64,1000
Tocantins,170011966,82.23485896,Homem,31,998
Tocantins,170011966,73.52013533,Homem,32,1500
Tocantins,170011966,73.52013533,Mulher,33,500
Tocantins,170011966,57.32936994,Homem,56,1000
Tocantins,170011966,60.9454731,Homem,55,998
Tocantins,170012338,117.89696782,Homem,41,600
Tocantins,170012338,117.89696782,Mulher,42,998
Tocantins,170012338,148.94907543,Homem,23,1482
Tocantins,170012338,124.81502925,Homem,29,1998
Tocantins,170012338,124.81502925,Mulher,40,1000
Tocantins,170012338,131.87136723,Homem,34,3600
Tocantins,170012338,131.87136723,Mulher,32,1100
Tocantins,170012338,94.16760008,Homem,61,350
Tocantins,170012338,111.69945011,Homem,50,800
Tocantins,170012338,111.69945011,Mulher,42,400
Tocantins,170012338,117.9147953,Homem,51,450
Tocantins,170012338,93.53038706,Homem,72,2000
Tocantins,170012338,120.55069732,Homem,47,1800
Tocantins,170012338,107.96418873,Homem,46,500
Tocantins,170012338,107.96418873,Mulher,43,500
Tocantins,170012338,95.47683113,Mulher,65,400
Tocantins,170012338,95.47683113,Homem,64,400
Tocantins,170012338,96.52649014,Homem,59,500
Tocantins,170012338,101.83714105,Homem,51,500
Tocantins,170013350,48.79315849,Homem,41,1300
Tocantins,170013350,36.75364999,Homem,57,400
Tocantins,170013350,34.94579137,Homem,68,998
Tocantins,170013350,49.1135534,Homem,35,1600
Tocantins,170013350,45.84687419,Homem,35,998
Tocantins,170013350,38.40545084,Homem,44,998
Tocantins,170013350,35.13871078,Homem,60,1200
Tocantins,170013446,90.15683147,Homem,47,998
Tocantins,170013446,93.76694566,Homem,44,998
Tocantins,170013446,99.10165758,Homem,49,1200
Tocantins,170013446,100.08788734,Homem,44,4000
Tocantins,170013446,90.46386174,Homem,41,2500
Tocantins,170013446,98.62385061,Homem,35,3000
Tocantins,170013446,95.9921622,Homem,43,998
Tocantins,170013446,95.9921622,Homem,17,998
Tocantins,170013446,96.9787305,Homem,37,998
Tocantins,170015006,38.92461095,Mulher,53,600
Tocantins,170015006,49.11118029,Homem,35,1500
Tocantins,170015006,49.11118029,Mulher,31,150
Tocantins,170015006,39.09853838,Homem,79,2000
Tocantins,170015006,43.01996618,Homem,54,998
Tocantins,170015006,52.0598572,Homem,35,6000
Tocantins,170015006,39.73099806,Homem,69,1000
Tocantins,170015006,52.84852491,Homem,42,400
Tocantins,170015006,55.96161699,Homem,25,800
Tocantins,170015006,56.19437334,Mulher,20,400
Tocantins,170015006,56.19437334,Homem,39,1600
Tocantins,170015006,44.7789524,Homem,60,998
Tocantins,170015006,44.7789524,Homem,60,1400
Tocantins,170015180,88.45101956,Homem,63,500
Tocantins,170015180,83.38184901,Homem,52,400
Tocantins,170015180,118.9906164,Homem,25,1000
Tocantins,170015180,89.36269352,Homem,62,100
Tocantins,170015180,89.36269352,Homem,18,150
Tocantins,170015180,102.30871539,Homem,52,900
Tocantins,170015180,113.56409671,Homem,34,3800
Tocantins,170015180,113.56409671,Mulher,31,2180
Tocantins,170015180,97.59330843,Homem,37,1960
Tocantins,170015180,97.59330843,Mulher,36,998
Tocantins,170015180,75.84394255,Mulher,53,998
Tocantins,170015180,75.84394255,Mulher,31,998
Tocantins,170015180,105.20873876,Homem,35,998
Tocantins,170015180,83.69968461,Homem,54,800
Tocantins,170016260,102.22614484,Homem,28,200
Tocantins,170016260,88.82481058,Homem,50,400
Tocantins,170016260,96.70775077,Homem,43,1300
Tocantins,170016260,105.82760961,Homem,51,300
Tocantins,170016260,105.82760961,Mulher,43,860
Tocantins,170016260,97.66403809,Homem,41,500
Tocantins,170016260,99.34305638,Mulher,39,450
Tocantins,170016260,99.34305638,Homem,37,350
Tocantins,170016260,99.34305638,Homem,35,350
Tocantins,170016260,111.24951796,Homem,28,1000
Tocantins,170016260,111.24951796,Mulher,47,1000
Tocantins,170016260,102.5900689,Homem,43,1600
Tocantins,170016260,102.5900689,Mulher,37,200
Tocantins,170016260,94.64391646,Homem,56,2000
Tocantins,170016479,315.78721053,Homem,57,500
Tocantins,170016479,445.34655536,Homem,31,998
Tocantins,170016479,297.05047632,Homem,55,400
Tocantins,170016479,332.24883282,Mulher,43,300
Tocantins,170016479,332.24883282,Homem,48,2300
Tocantins,170016479,361.47167706,Homem,39,1500
Tocantins,170016479,328.77132675,Homem,32,700
Tocantins,170016479,370.16213657,Homem,38,1000
Tocantins,170016479,370.16213657,Homem,19,998
Tocantins,170016479,401.06579456,Homem,36,1000
Tocantins,170016479,364.32967909,Homem,40,1000
Tocantins,170016614,63.38586265,Mulher,36,500
Tocantins,170016614,63.38586265,Homem,39,800
Tocantins,170016614,65.15720791,Homem,56,2000
Tocantins,170016614,53.2763606,Mulher,75,900
Tocantins,170016614,54.46492057,Homem,83,500
Tocantins,170016614,66.79341398,Homem,30,1500
Tocantins,170016614,66.79341398,Mulher,37,150
Tocantins,170016614,53.80703651,Homem,58,1200
Tocantins,170016614,87.07060937,Homem,25,2200
Tocantins,170016614,87.07060937,Mulher,24,700
Tocantins,170016614,54.68757998,Homem,61,500
Tocantins,170016614,57.84883087,Homem,77,100
Tocantins,170016614,57.84883087,Homem,76,600
Tocantins,170016614,80.43019136,Homem,34,2000
Tocantins,170016614,74.6205383,Homem,37,2000
Tocantins,170016614,74.6205383,Mulher,34,1000
Tocantins,170016614,53.80703651,Homem,58,1500
Tocantins,170016997,97.02793173,Homem,54,200
Tocantins,170016997,102.86563256,Homem,48,700
Tocantins,170016997,107.56756312,Homem,61,998
Tocantins,170016997,115.43286017,Homem,30,730
Tocantins,170016997,115.43286017,Homem,28,730
Tocantins,170016997,101.38274236,Homem,45,1200
Tocantins,170016997,119.0749607,Homem,37,998
Tocantins,170016997,88.27595926,Homem,55,700
Tocantins,170016997,114.69540524,Mulher,42,1064
Tocantins,170016997,114.69540524,Homem,47,2000
Tocantins,170016997,88.18347965,Homem,79,998
Tocantins,170017659,93.5809551,Homem,55,2200
Tocantins,170017659,93.5809551,Homem,20,700
Tocantins,170017659,105.003863,Homem,37,1000
Tocantins,170017659,105.003863,Mulher,26,80
Tocantins,170017659,72.71841584,Homem,56,1996
Tocantins,170017659,83.696888,Homem,49,3200
Tocantins,170017659,83.696888,Mulher,47,1400
Tocantins,170017659,105.00645421,Homem,32,1996
Tocantins,170017659,105.00645421,Mulher,33,998
Tocantins,170017659,99.43301231,Homem,29,1100
Tocantins,170017659,99.43301231,Mulher,41,600
Tocantins,170017659,99.43301231,Mulher,19,600
Tocantins,170017659,101.26104557,Homem,36,1700
Tocantins,170017659,101.26104557,Mulher,29,1500
Tocantins,170017659,86.45925096,Homem,16,50
Tocantins,170017659,101.06656827,Mulher,30,20
Tocantins,170018358,38.97181965,Homem,52,10000
Tocantins,170018358,51.64389801,Homem,40,5000
Tocantins,170018358,47.14444266,Homem,53,998
Tocantins,170018358,47.14444266,Homem,30,500
Tocantins,170018358,48.62607785,Homem,23,1060
Tocantins,170018358,48.62607785,Homem,18,160
Tocantins,170018358,43.39252169,Homem,61,1100
Tocantins,170018358,59.76518832,Mulher,25,700
Tocantins,170018358,59.76518832,Homem,27,1000
Tocantins,170018358,47.4192897,Mulher,33,1060
Tocantins,170018358,47.4192897,Homem,38,2700
Tocantins,170018358,48.94380078,Mulher,30,998
Tocantins,170018358,46.75435866,Homem,38,2500
Tocantins,170018358,46.75435866,Mulher,38,2800
Tocantins,170018358,39.92888323,Mulher,41,2000
Tocantins,170018726,77.4109383,Homem,27,1900
Tocantins,170018726,76.61184592,Homem,20,998
Tocantins,170018726,87.8743471,Homem,25,400
Tocantins,170018726,70.8465462,Homem,24,500
Tocantins,170018726,70.8465462,Homem,22,500
Tocantins,170018726,59.33157027,Homem,55,998
Tocantins,170018726,59.33157027,Mulher,29,2000
Tocantins,170018726,78.22439636,Homem,33,1996
Tocantins,170018726,78.22439636,Mulher,30,800
Tocantins,170018726,49.18165775,Mulher,55,400
Tocantins,170018726,65.25984092,Homem,56,600
Tocantins,170018726,73.91465889,Homem,62,450
Tocantins,170018726,73.91465889,Homem,25,998
Tocantins,170018726,63.33013605,Homem,31,600
Tocantins,170018726,57.29255368,Homem,55,998
Tocantins,170018726,76.63081143,Homem,43,998
Tocantins,170019002,135.9377474,Homem,39,1500
Tocantins,170019002,110.81180672,Homem,67,300
Tocantins,170019002,110.81180672,Mulher,48,988
Tocantins,170019002,97.68282921,Homem,61,800
Tocantins,170019002,107.28857352,Homem,65,1500
Tocantins,170019002,125.51133553,Mulher,50,5000
Tocantins,170019002,127.91958595,Mulher,26,998
Tocantins,170019002,127.91958595,Homem,19,1000
Tocantins,170019002,119.96501753,Homem,33,998
Tocantins,170019002,130.51129733,Homem,45,998
Tocantins,170019002,136.6721741,Homem,25,1600
Tocantins,170019002,133.59353281,Homem,39,998
Tocantins,170019002,96.53945428,Homem,75,1000
Tocantins,170020090,149.47393927,Homem,48,1200
Tocantins,170020090,141.561735,Homem,46,1800
Tocantins,170020090,111.3772909,Homem,51,350
Tocantins,170020090,167.83691467,Homem,36,1300
Tocantins,170020090,172.54798871,Homem,22,200
Tocantins,170020090,172.54798871,Homem,18,150
Tocantins,170024293,146.02972439,Mulher,39,998
Tocantins,170024293,144.34329404,Mulher,17,250
Tocantins,170024293,124.74149239,Mulher,75,60
Tocantins,170024293,126.13415551,Mulher,59,30
Tocantins,170024293,225.11596902,Homem,26,300
Tocantins,170024293,170.11107651,Homem,40,3500
Tocantins,170024293,162.95354987,Homem,37,800
Tocantins,170026158,143.21764383,Mulher,52,400
Tocantins,170026158,143.21764383,Mulher,30,400
Tocantins,170026158,143.21764383,Homem,39,870
Tocantins,170026158,153.23919303,Homem,55,1800
Tocantins,170026158,113.14560789,Homem,56,1100
Tocantins,170026158,133.18453336,Homem,53,500
Tocantins,170026158,126.98698267,Homem,71,450
Tocantins,170026158,118.07868296,Homem,53,330
Tocantins,170026158,146.07352012,Homem,42,2200
Tocantins,170026158,112.7159563,Homem,53,1000
Tocantins,170026158,190.4075487,Homem,24,585
Tocantins,170026158,147.74520001,Homem,50,1600
Tocantins,170028161,160.10317507,Homem,56,700
Tocantins,170028161,171.79621238,Homem,56,500
Tocantins,170028161,180.2674948,Homem,39,500
Tocantins,170028161,162.14285979,Homem,40,500
Tocantins,170028161,175.13991514,Homem,26,700
Tocantins,170028161,228.17572175,Homem,29,1200
Tocantins,170029281,109.94781356,Homem,61,1500
Tocantins,170029281,133.50005796,Homem,67,500
Tocantins,170029281,123.94189102,Homem,56,1650
Tocantins,170029281,131.65889234,Homem,53,1500
